english	siswati_form	n_sentences	p_ss_given_en	p_en_given_ss	skeleton_ratio	review_ok
acrobat	kukhompuyutha	11	0.58	0.61	0.75	
adjectives	tichasiso	39	0.45	0.74	0.75	
affidavit	i-afidavithi	56	0.54	0.95	1.0	
analyst	umhlatiyi	4	0.44	0.8	0.86	
arcview	i-arcview	3	0.43	1.0	1.0	
bagl	i-bagl	3	1.0	1.0	1.0	
balfour	ibalfour	3	0.6	0.75	1.0	
baltic	ebaltic	5	0.42	1.0	1.0	
barclays	i-bagl	3	1.0	1.0	0.75	
berlin	eberlin	3	0.6	1.0	1.0	
bicarbonate	e-bicarbonate	3	0.6	1.0	1.0	
biovac	i-biovac	5	0.83	1.0	1.0	
bojanala	ibojanala	7	0.41	1.0	1.0	
boksburg	eboksburg	3	1.0	1.0	1.0	
boland	eboland	3	0.43	1.0	1.0	
brazzaville	ebrazzaville	3	0.6	1.0	1.0	
buffalo	ibuffalo	20	0.49	1.0	1.0	
cabinet	ikhabhinethi	2084	0.8	0.96	1.0	
calcium	ikhalisiyamu	6	0.6	1.0	0.75	
canola	ikhanola	24	0.55	1.0	1.0	
carat	gold	4	0.8	0.57	1.0	
carpet	ikhaphethi	8	0.8	1.0	0.86	
chloride	iklorayidi	6	0.46	0.75	1.0	
chromium	i-chromium	5	0.42	1.0	1.0	
coligny	ecoligny	4	0.8	1.0	1.0	
colon	ikholoni	3	0.5	0.75	1.0	
condom	ikhondomu	11	0.73	0.85	1.0	
crayon	ikhirayoni	3	0.6	1.0	1.0	
dakar	edakar	4	0.67	1.0	1.0	
diploma	idiploma	11	0.46	1.0	1.0	
doctor	dokotela	52	0.43	0.55	1.0	
dpme	i-dpme	13	0.46	1.0	1.0	
efiling	i-efiling	7	0.41	1.0	1.0	
egmont	le-egmont	3	1.0	1.0	1.0	
emperors	e-emperors	3	0.75	0.43	1.0	
england	engilandi	5	0.5	0.71	1.0	
estonia	e-estonia	5	1.0	1.0	1.0	
foskor	ifoskor	3	0.6	1.0	1.0	
frances	we-frances	7	0.7	1.0	1.0	
fridge	efrijini	4	0.5	1.0	0.75	
gaborone	egaborone	5	1.0	1.0	1.0	
gallagher	e-gallagher	5	0.62	1.0	1.0	
gambling	yekugembula	15	0.44	0.94	0.8	
gazette	kugazethi	65	0.6	0.75	1.0	
gbvcc	i-gbvcc	3	1.0	1.0	1.0	
geneva	egeneva	4	0.5	1.0	1.0	
geology	ijiyoloji	4	0.44	1.0	1.0	
glucose	iglukhosi	14	0.61	1.0	1.0	
grapes	ekuphisa	3	0.43	1.0	0.86	
gravitational	e-gravity	4	0.67	1.0	0.8	
hawks	ema-hawks	5	0.45	0.83	1.0	
ingula	ne-ingula	3	0.5	0.6	1.0	
inkosi	e-inkosi	8	0.47	1.0	1.0	
innovabrics	i-innovabrics	3	1.0	1.0	1.0	
investsa	i-investsa	5	1.0	1.0	1.0	
jakarta	ejakarta	3	1.0	1.0	1.0	
kangaroo	ikhangaru	7	0.58	1.0	1.0	
kimberley	ekimberley	11	0.73	1.0	1.0	
kpcs	we-kpcs	3	0.43	1.0	1.0	
kroonstad	ekroonstad	4	0.8	1.0	1.0	
kwame	yakwame	5	0.71	1.0	1.0	
landline	lwasendlini	3	1.0	0.75	0.83	
malawi	emalawi	5	0.56	1.0	1.0	
malawi	imalawi	4	0.44	1.0	1.0	
mangaung	emangaung	5	0.5	1.0	1.0	
marrakech	emorocco	4	1.0	1.0	1.0	
marrakech	emarrakech	3	0.75	1.0	1.0	
mbizana	embizana	4	0.8	1.0	1.0	
mdgs	ema-mdg	3	0.6	1.0	0.86	
mechanics	imekheniksi	3	0.75	1.0	1.0	
medals	emamedali	5	0.42	1.0	0.86	
microorganisms	emamayikhroganizimu	5	0.71	1.0	0.93	
midrand	e-midrand	5	0.56	1.0	1.0	
mogadishu	emogadishu	4	0.8	1.0	1.0	
molecules	emamolekhuli	4	0.5	1.0	0.89	
morocco	emorocco	4	0.4	1.0	1.0	
motherwell	emotherwell	3	0.75	1.0	1.0	
mpat	i-mpat	3	0.43	1.0	1.0	
mtsf	i-mtsf	12	0.5	0.67	1.0	
naairs	i-naairs	3	0.6	1.0	1.0	
naphisa	i-naphisa	3	1.0	1.0	1.0	
narysec	i-narysec	3	1.0	1.0	1.0	
netherlands	enetherlands	10	0.48	1.0	1.0	
nhtl	i-nhtl	3	0.6	1.0	1.0	
notary	yi-notary	4	0.44	1.0	1.0	
novels	emanoveli	8	0.5	0.89	0.86	
nsdp	ne-nsdp	5	0.56	1.0	1.0	
nsfas	i-nsfas	16	0.7	0.73	1.0	
nutrient	yenayithrojeni	15	0.47	0.83	0.8	
osts	i-osts	4	0.57	1.0	1.0	
overberg	ye-overberg	6	0.4	1.0	1.0	
oxidation	i-oksideshini	3	0.5	1.0	0.75	
parameter	ipharamitha	6	0.43	1.0	0.89	
parliament	ephalamende	276	0.41	0.89	1.0	
patagonian	ne-patagonian	4	1.0	1.0	1.0	
pgdss	pgds	3	0.6	0.5	1.0	
pmbs	ema-pmb	4	0.57	1.0	0.86	
popcorn	iphophukhoni	8	0.89	0.89	0.86	
prasa	i-prasa	5	0.56	0.56	1.0	
pretoria	epitoli	57	0.47	0.92	0.86	
projector	iprojektha	3	0.5	1.0	0.89	
projector	projektha	3	0.5	0.75	0.89	
proteas	ema-proteas	4	0.44	0.8	1.0	
puzzle	iphazili	3	0.5	1.0	1.0	
quorum	ikhoramu	5	0.83	1.0	1.0	
redox	e-redox	3	0.75	1.0	1.0	
ribbon	iribhoni	3	0.43	0.75	1.0	
rivonia	laserivonia	5	0.71	0.71	0.75	
rwanda	erwanda	5	0.45	1.0	1.0	
sacnasp	yi-sacnasp	4	0.44	1.0	1.0	
sahrc	i-sahrc	8	0.73	1.0	1.0	
sandton	esandton	6	0.5	1.0	1.0	
seawater	aselwandle	9	0.75	0.43	0.8	
sharpeville	esharpeville	3	0.75	0.5	1.0	
siemens	solutions	3	0.5	0.5	0.75	
silicosis	isilikhosisi	6	0.46	1.0	1.0	
smoothies	sinatfo-ayisi	5	0.71	0.71	0.89	
soshanguve	esoshanguve	3	1.0	0.6	1.0	
soweto	esoweto	17	0.55	0.85	1.0	
statement	sitatimende	478	0.55	0.88	1.0	
stbs	ema-stb	14	0.7	0.93	0.86	
sterkfontein	isterkfontein	3	0.75	0.75	1.0	
switzerland	eswitzerland	4	0.57	1.0	1.0	
tapoca	i-tapoca	4	1.0	1.0	1.0	
tenderer	ithenda	34	0.6	0.42	0.86	
thailand	ethailand	5	0.42	1.0	1.0	
thrift	yethrift	3	0.5	1.0	1.0	
tristar	itristar	5	0.71	1.0	1.0	
trss	i-trss	3	1.0	1.0	1.0	
tshiame	etshiame	4	0.8	1.0	1.0	
tsunami	itsunami	3	1.0	1.0	1.0	
tunisia	etunisia	5	0.56	0.83	1.0	
tuynhuys	etuynhuys	5	0.5	0.83	1.0	
tvet	ema-tvet	5	0.42	0.71	1.0	
uganda	e-uganda	4	0.4	1.0	1.0	
ukraine	e-ukraine	4	0.8	1.0	1.0	
unccd	i-unccd	3	0.75	1.0	1.0	
upload	u-aphulode	4	0.57	1.0	1.0	
volleyball	ivolibholi	4	0.57	1.0	1.0	
washington	ewashington	4	0.57	1.0	1.0	
wilson	i-wilson	3	0.5	1.0	1.0	
