id	switch_type	tagged	correct_text	notes
cst000550	mono_ssw	sibhalwe ngelulwimi lolwamukelekile lolukhomba inhlonipho		
cst002331	dm_initial	[[so]] ngicela ungiphe i-[[identity card]] lelisha		
cst000258	mono_ssw	ubuketa ngci mabuta nesibabato		
cst001044	tag	[[doctor]] utsite ngibuye [[this week hey]]		
cst000482	eng_first	[[thank you]] ngiyakhumbula kutsatsa ema-[[tablets]] ami		
cst002029	mono_ssw	sicelo sekwamukelwa ekhaya lalabadzela labaluphele		
cst001841	insertion	kunayo [[nurse]] lapha ku-[[clinic]] lamuhla		
cst001934	insertion	i-[[HIV test]] litawentiwa ngeMsombuluko		
cst002668	conj_inter	ngicela ungiphe i-[[sick note]] lelisha [[because nurse]] utsite ngibuye [[after lunch]]		
cst001554	mono_ssw	lomunye uyawutsatsa sewucatseka ngawo lengati iyavaleka		
cst000859	eng_first	[[I know]] ngitsatsa ema-[[antibiotics]] ebusuku nakusihlwa		
cst000384	conj_inter	ngicela u-[[confirm]] kahle ngobe angiva [[but]] sitawuhlangana ngelisontfo emva kwe-[[phone]]		
cst001998	dm_initial	[[no]] ngitsenge i-[[sick note]] lami kuphela		
cst000116	mono_eng	[[the cats chase the mice]]		
cst001596	insertion	kunayo [[pharmacist]] lapha ku-[[pharmacy]] lamuhla		
cst001772	mono_ssw	kutibandzakanya kwemmango eluhlelweni lwentsandvo yelinyenti		
cst002488	mono_eng	[[f the financial and fiscal commission]]		
cst000008	multi	[[pharmacist]] utsite ngitsatse leli [[prescription]] kabili ngelilanga [[and then]] lamuhla ngitawuya ku-[[health centre right]]		
cst002850	insertion	[[counsellor]] utsite ngibuye [[after lunch]]		
cst001824	insertion	umntfwana wami une [[diabetes]]		
cst001090	alternational	sitawuhlangana ngeMgcibelo emva kwe-[[queue and then thank you]]		
cst002955	mono_ssw	kukhomba kutfutfuka nekuvisisa sakhiwo nekusetjentiswa		
cst000937	dm_initial	[[why]] sicela ulete i-[[prescription]] lakho nawuta ku-[[laboratory]]		
cst002421	mono_ssw	ukucele kutsi umbhalele iflaya yekumkhangisa emmangweni		
cst000418	dm_initial	[[if]] ngicela u-[[cancel]] kahle ngobe angiva		
cst001300	mono_ssw	bakhetsa ifleshikhadi lenacalandze kulabanye bobunjwa		
cst000125	insertion	ebusuku ngitawuya ku-[[clinic]]		
cst000091	mono_ssw	kuphatfwa kwembuso nemibutfo yetekuphepha tichibiyelo etigabeni temtsetfosisekelo lomdzala		
cst000104	dm_initial	[[and]] angitfolanga i-[[clinic card]] lami ku-[[hospital]]		
cst002660	multi	babe wami ukhale [[rash]] emini [[but]] ngiyacela ungibhalele i-[[referral letter hey]]		
cst002217	alternational	ngisebente ne-[[pharmacist]] lamuhla [[because not now]]		
cst000037	dm_initial	[[no]] izolo ngitawuya ku-[[health centre]]		
cst001561	conj_inter	sitawuhlangana ngelesitsatfu emva kwe-[[queue or]] le mali ye-[[queue]] iyabiza kakhulu		
cst002811	multi	sitawuhlangana ngelesihlanu emva kwe-[[form and then]] ngiyakhumbula kutsatsa ema-[[painkillers]] ami [[hey]]		
cst000887	insertion	kufanele ugcine i-[[sick note]] lakho		
cst001728	dm_initial	[[but]] umntfwana wami udzinga i-[[medication]] lelisha		
cst002973	tag	kufanele ugcine i-[[treatment]] lakho [[you know]]		
cst000118	insertion	kusasa ngitawuya ku-[[clinic]]		
cst002161	dm_initial	[[please]] ngitfole ema-[[side effects]] ami emini		
cst000908	eng_first	[[it is okay]] indvodzana yami une [[diabetes]]		
cst001793	dm_initial	[[well]] le mali ye-[[queue]] iyabiza kakhulu		
cst002030	multi	ngitsatsa ema-[[painkillers]] ebusuku nakusihlwa [[or]] ngicela ungiphe i-[[lab form]] lelisha [[okay]]		
cst002264	multi	indvodzana yami utsatsa ema-[[pills]] njalo ekuseni [[and then]] kunayo [[nurse]] lapha ku-[[clinic]] lamuhla [[hey]]		
cst000954	multi	ngiyakhumbula kutsatsa ema-[[antibiotics]] ami [[because]] ngicela u-[[check]] kahle ngobe angiva [[okay]]		
cst001415	multi	[[lab technician]] ucele kutsi ngente i-[[urine test so]] i-[[appointment]] lami lifika ngelesibili [[hey]]		
cst000945	multi	ema-[[condoms]] ami alungile yini [[and]] umnakwetfu ukhale [[fever]] ebusuku [[sure]]		
cst002772	dm_initial	[[well]] ngicela u-[[confirm]] kahle ngobe angiva		
cst000896	mono_eng	[[read and follow the label directions every time]]		
cst001882	dm_initial	[[so]] ngicela u-[[refill]] leli [[treatment]]		
cst001186	conj_inter	ngilethe i-[[sick note]] ne-[[prescription so]] le mali ye-[[message]] iyabiza kakhulu		
cst000088	insertion	ngelula ku-[[health centre]] lamuhla		
cst001704	insertion	ngiva buhlungu ngine [[high blood pressure]] emaviki lamatsatfu		
cst002279	insertion	ngitsenge i-[[sick note]] lami kuphela		
cst002630	insertion	ngifike nge-[[ambulance]] izolo		
cst000409	mono_eng	[[stamp and signature commissioner]]		
cst000761	tag	sitawuhlangana ngelesine emva kwe-[[transport right]]		
cst002577	mono_ssw	khombisa kucikelela lokutfutfuke ngemalengiso		
cst002964	mono_ssw	tintfo letiphatsekako sib tibali		
cst001214	insertion	ngicela u-[[check]] kahle ngobe angiva		
cst000495	mono_ssw	imilayeto leshiywe emishinini wekushiya umlayeto		
cst001362	mono_ssw	seminyaka lemitsatfu sahamba lesigebengu sakhe		
cst002913	eng_first	[[it is fine]] sicela ulete i-[[prescription]] lakho nawuta ku-[[pharmacy]]		
cst002051	insertion	ngikhohliwe kutsatsa ema-[[ARVs]] ami ekuseni		
cst002079	eng_first	[[of course]] ngitsatsa i-[[prescription]] lami ngesikhatsi sonkhe		
cst002745	insertion	sidzinga i-[[lab form]] lelisha kusasa		
cst000777	insertion	ngilethe i-[[treatment]] ne-[[treatment]]		
cst001242	insertion	ngitfole ema-[[condoms]] ami lamuhla		
cst001163	conj_inter	umkami ukhale [[chest pain]] izolo [[and then]] ngitfole ema-[[results]] ami kusasa		
cst002406	tag	ngicela u-[[collect]] i-[[CD4 count]] lami [[you know]]		
cst002045	tag	ngitfole ema-[[results]] ami izolo [[okay]]		
cst002069	mono_ssw	ngusiphi sakhiwo lesifisha kakhulu		
cst001611	multi	kunayo [[doctor]] lapha ku-[[health centre]] lamuhla [[or]] i-[[appointment]] lami lifika ngeMgcibelo [[okay]]		
cst002412	mono_ssw	kuchumana emkhatsini wencwadzi lehambisana nencwadzisicelo kanye nemlandvomphilo		
cst000141	multi	i-[[blood test]] ibonisa kutsi une [[anaemia so]] ngelula ku-[[hospital]] ekuseni [[right]]		
cst001967	conj_inter	umntfwana wami udzinga i-[[referral letter]] lelisha [[but]] make wami ukhale [[chest pain]] ebusuku		
cst000994	insertion	ngiyacela ungibhalele i-[[prescription]]		
cst001655	mono_ssw	kubona ngemehlo engcondvo tindlela		
cst001697	alternational	ngicela u-[[collect]] leli [[treatment so thank you]]		
cst002722	eng_first	[[I know]] ngifuna kubona [[lab technician]] ngelesine		
cst000708	conj_inter	kufanele ugcine i-[[prescription]] lakho [[because]] ngicela ungiphe i-[[prescription]] lelisha		
cst001503	insertion	ngitsenge ema-[[antibiotics]] ku-[[health centre]]		
cst002247	insertion	ngitsatsa ema-[[painkillers]] ekuseni nakusihlwa		
cst002879	conj_inter	[[lab technician]] ucele kutsi ngente i-[[x-ray and then]] ngiyafuna ku-[[cancel]] i-[[appointment]] ye-[[after lunch]]		
cst002762	mono_ssw	kufute usebentise lusebe lwemgwaco iphevumenti nakukhonakala		
cst001534	tag	babe wami utsatsa ema-[[antibiotics]] njalo lamuhla [[okay]]		
cst000354	dm_initial	[[why]] umkami une [[high blood pressure]] kusukela ebusuku		
cst001797	mono_eng	[[concrete and abstract nouns]]		
cst002718	tag	indvodzana yami utsatsa ema-[[antibiotics]] njalo ebusuku [[hey]]		
cst002082	mono_ssw	loku kukhombisa ngalokusebaleni kutsi ligama lesintfu libaluleke kundlula sibongo		
cst000442	insertion	ngicela u-[[phone]] leli [[identity card]]		
cst000670	dm_initial	[[if]] ngilethe i-[[clinic card]] ne-[[medication]]		
cst002133	mono_ssw	ufundza lakutfole nakahlatiya incwadzi		
cst001610	insertion	ngicela u-[[phone]] leli [[sick note]]		
cst001517	mono_ssw	chief directorate consular services kulitiko letindzaba tangaphandle epitoli		
cst002005	multi	ngiva buhlungu ngine [[chest pain]] emalanga lamatsatfu [[and]] kufanele ugcine i-[[treatment]] lakho [[you know]]		
cst000121	tag	[[doctor]] utsite ngitsatse leli [[prescription]] kabili ngelilanga [[hey]]		
cst001922	insertion	ngikhohliwe kutsatsa ema-[[ARVs]] ami izolo		
cst000178	alternational	ngelula ku-[[laboratory]] ebusuku [[so I lost my clinic card]]		
cst001263	insertion	kufanele ugcine i-[[clinic card]] lakho		
cst002881	conj_inter	ngitsenge i-[[lab form]] lami kuphela [[because]] ngiphume ku-[[pharmacy]] emva kwe-[[HIV test]]		
cst002518	mono_ssw	kuvama kutsi ibhekise kumuntfu lotsite nome kulabasecenjini		
cst002429	mono_ssw	kuhlela indzaba usebentisa luhlaka mcondvo		
cst002368	insertion	ngitsatsa i-[[appointment card]] lami ngesikhatsi sonkhe		
cst001612	insertion	ngisebenta ku-[[clinic]] ngingu-[[counsellor]]		
cst002650	dm_initial	[[so]] umntfwana wami une [[hypertension]]		
cst000697	tag	le mali ye-[[message]] iyabiza kakhulu [[sure]]		
cst000690	mono_ssw	nebucwepheshe bekwenta tinhlaka twekucala		
cst002057	conj_inter	i-[[x-ray]] litawentiwa ngeMsombuluko [[but]] ngitsatsa i-[[identity card]] lami ngesikhatsi sonkhe		
cst000929	dm_initial	[[but]] ngisebente ne-[[lab technician]] lamuhla		
cst000050	tag	izolo ngitawuya ku-[[hospital okay]]		
cst000817	conj_inter	[[doctor]] utsite ngibuye [[next week so doctor]] utsite ngibuye [[next week]]		
cst002210	multi	sitawuhlangana ngelesihlanu emva kwe-[[booking because]] sidzinga i-[[prescription]] lelisha ebusuku [[right]]		
cst002245	mono_ssw	vuka lazulu kwabani kugandvwa yindvodza ' kusho lasiwela		
cst000950	conj_inter	ngisebenta ku-[[hospital]] ngingu-[[doctor and then]] ngilethe i-[[medicine]] ne-[[medication]]		
cst001656	mono_ssw	sikhatsi santsambama usisebentise lapha ncongwane kusivetela lendzaba yekubulawa kwagugu		
cst002104	tag	kunayo [[doctor]] lapha ku-[[clinic]] lamuhla [[you know]]		
cst001408	dm_initial	[[right]] kunayo [[nurse]] lapha ku-[[health centre]] lamuhla		
cst002366	tag	ngiphatsa kabi ngobe nginesifo se-[[diabetes sure]]		
cst001447	multi	ngikhohliwe kutsatsa ema-[[ARVs]] ami lamuhla [[and then]] i-[[queue]] libekade linde kusasa [[you know]]		
cst001880	mono_ssw	sita lenyoni itfole sidleke sayo		
