slot	english_stem	class_pair	conf	sg	pl	correct_class	notes
ITEM	appointment card	5/6	guess	i-[[appointment card]]	ema-[[appointment cards]]		
ITEM	clinic card	5/6	guess	i-[[clinic card]]	ema-[[clinic cards]]		
ITEM	identity card	5/6	guess	i-[[identity card]]	ema-[[identity cards]]		
ITEM	lab form	5/6	guess	i-[[lab form]]	ema-[[lab forms]]		
ITEM	medication	9/10	guess	i-[[medication]]	ti-[[medications]]		
ITEM	medicine	9/10	guess	i-[[medicine]]	ti-[[medicines]]		
ITEM	prescription	5/6	guess	i-[[prescription]]	ema-[[prescriptions]]		
ITEM	referral letter	5/6	guess	i-[[referral letter]]	ema-[[referral letters]]		
ITEM	sick note	5/6	guess	i-[[sick note]]	ema-[[sick notes]]		
ITEM	treatment	9/10	guess	i-[[treatment]]	ti-[[treatments]]		
TEST	CD4 count	5/6	guess	i-[[CD4 count]]	ema-[[CD4 counts]]		
TEST	HIV test	5/6	guess	i-[[HIV test]]	ema-[[HIV tests]]		
TEST	TB test	5/6	guess	i-[[TB test]]	ema-[[TB tests]]		
TEST	blood test	5/6	guess	i-[[blood test]]	ema-[[blood tests]]		
TEST	pregnancy test	5/6	guess	i-[[pregnancy test]]	ema-[[pregnancy tests]]		
TEST	scan	9/10	guess	i-[[scan]]	ti-[[scans]]		
TEST	sugar test	5/6	guess	i-[[sugar test]]	ema-[[sugar tests]]		
TEST	urine test	5/6	guess	i-[[urine test]]	ema-[[urine tests]]		
TEST	viral load	5/6	guess	i-[[viral load]]	ema-[[viral loads]]		
TEST	x-ray	5/6	guess	i-[[x-ray]]	ema-[[x-rays]]		
DRUG	ARV	5/6	guess	i-[[ARV]]	ema-[[ARVs]]		
DRUG	antibiotic	5/6	guess	i-[[antibiotic]]	ema-[[antibiotics]]		
DRUG	painkiller	5/6	guess	i-[[painkiller]]	ema-[[painkillers]]		
DRUG	pill	5/6	guess	i-[[pill]]	ema-[[pills]]		
DRUG	tablet	5/6	guess	i-[[tablet]]	ema-[[tablets]]		
PLACE	clinic	5/6	guess	i-[[clinic]]	ema-[[clinics]]		
PLACE	health centre	5/6	guess	i-[[health centre]]	ema-[[health centres]]		
PLACE	hospital	5/6	guess	i-[[hospital]]	ema-[[hospitals]]		
PLACE	laboratory	5/6	guess	i-[[laboratory]]	ema-[[laboratorys]]		
PLACE	pharmacy	5/6	guess	i-[[pharmacy]]	ema-[[pharmacys]]		
STAFF	counsellor	1a/2a	guess	[[counsellor]]	bo-[[counsellors]]		
STAFF	doctor	1a/2a	guess	[[doctor]]	bo-[[doctors]]		
STAFF	lab technician	1a/2a	guess	[[lab technician]]	bo-[[lab technicians]]		
STAFF	nurse	1a/2a	guess	[[nurse]]	bo-[[nurses]]		
STAFF	pharmacist	1a/2a	guess	[[pharmacist]]	bo-[[pharmacists]]		
APPT	appointment	5/6	guess	i-[[appointment]]	ema-[[appointments]]		
RES	condom	5/6	guess	i-[[condom]]	ema-[[condoms]]		
RES	result	5/6	guess	i-[[result]]	ema-[[results]]		
RES	side effect	5/6	guess	i-[[side effect]]	ema-[[side effects]]		
MISC	booking	5/6	guess	i-[[booking]]	ema-[[bookings]]		
MISC	form	5/6	guess	i-[[form]]	ema-[[forms]]		
MISC	message	5/6	guess	i-[[message]]	ema-[[messages]]		
MISC	phone	5/6	guess	i-[[phone]]	ema-[[phones]]		
MISC	queue	5/6	guess	i-[[queue]]	ema-[[queues]]		
MISC	refill	5/6	guess	i-[[refill]]	ema-[[refills]]		
MISC	taxi	5/6	guess	i-[[taxi]]	ema-[[taxis]]		
MISC	transport	9/10	guess	i-[[transport]]	ti-[[transports]]		
