tag,speaker,n,WER,CER,empty
seamless_eng,007bedaab26bda4fbf822c9cd78c71dd,7.0,0.168,0.113,0.0
seamless_eng,0188d763aceca1797aba9baf2659b224,14.0,0.558,0.361,0.0
seamless_eng,04cce0136b82c1f4fd0902c971028a17,119.0,0.417,0.317,0.0
seamless_eng,04f8559cf69276bbbd6c1aeadebdc8e6,28.0,0.329,0.227,0.0
seamless_eng,05bfb281d43fd38466f6693133f960af,7.0,0.216,0.106,0.0
seamless_eng,0768617f84499135f372a336661f5b18,61.0,0.444,0.311,0.0
seamless_eng,0853629182a128882b0aa2b55144884b,2.0,0.706,0.56,0.0
seamless_eng,08f04f21bc725e9544afac2a09b116e2,25.0,0.781,0.47,0.0
seamless_eng,0c47e2d176b3f79b2e1c9b0611ab0138,5.0,0.211,0.139,0.0
seamless_eng,0c914699ba1f4fdce8480338bff0cce5,8.0,0.373,0.239,0.0
seamless_eng,0eddd07521aa9e7dc6099a68694139a5,1.0,0.167,0.027,0.0
seamless_eng,144f8fb52bb1d041424a3b0be3a603ef,65.0,0.426,0.26,0.0
seamless_eng,1848af20251275bd29761e8ef31fd12c,2.0,0.553,0.463,0.0
seamless_eng,1ccd8853db601c4658ba3bbdcec99a65,1.0,0.259,0.062,0.0
seamless_eng,1cf5d3d55ba3cd8a49b31e67c2b76d21,1.0,0.833,0.1,0.0
seamless_eng,1fd5f717cede9a867bf37d03c7d2166b,58.0,0.471,0.281,0.0
seamless_eng,230bb9391bad01103b25c3e7e3ce6d0b,85.0,0.211,0.155,0.0
seamless_eng,25cb867a927f3e713f36248ea7f8204a,2.0,1.045,0.737,0.0
seamless_eng,27412edf6198b34f90b7d3f59e73dfb3,12.0,0.241,0.134,0.0
seamless_eng,28baf30be1d18bfa1ff17218de095c41,1.0,0.714,0.486,0.0
seamless_eng,2953ccbb2b2fff7334c560dfc0fc90d8,4.0,0.294,0.249,0.0
seamless_eng,29d91a97698e77356c617d4b4f9dc2b8,106.0,0.437,0.302,0.0
seamless_eng,2b1d7219188f3e05d6897e2489734977,4.0,0.13,0.067,0.0
seamless_eng,2bd29f3b4c25886c7c4111323ea33590,4.0,0.275,0.162,0.0
seamless_eng,33f8fcc4f27f4fbd23b991654a0abb3d,11.0,0.41,0.284,0.0
seamless_eng,374912276342d205922f6d05a674e976,3.0,0.393,0.306,0.0
seamless_eng,38a3a1f92043e839916138da3dc50270,99.0,0.328,0.263,0.0
seamless_eng,3a6efde35fae84bd9d85cca2a5a52007,2.0,0.481,0.369,0.0
seamless_eng,3d296344dba9bcc493a642dabe81d49c,55.0,0.312,0.157,0.0
seamless_eng,3d5d65f64910b384a99d2121e24b569c,45.0,0.394,0.294,0.0
seamless_eng,3e1fcf9a65d4fb76a9c567b9f8693ebe,51.0,0.309,0.217,0.0
seamless_eng,47d019c45b24800221cb048e4920333c,4.0,0.433,0.256,0.0
seamless_eng,4b52ff502023b48d0d770753a45ea958,2.0,0.462,0.313,0.0
seamless_eng,4cea52cb59b59857e4850d284d752c29,20.0,0.22,0.126,0.0
seamless_eng,4f854a1197b30151c03eb72983dbc020,5.0,0.253,0.181,0.0
seamless_eng,5057c86f6e51008dc7ac79aed68e59e4,11.0,0.508,0.351,0.0
seamless_eng,50c61c1b6d86caca20798602d7b8c0cb,5.0,0.584,0.443,0.0
seamless_eng,527da5a4cb4584a05a4632cd7c540365,4.0,0.292,0.213,0.0
seamless_eng,540e49d800433afc883cf3870a6ed1ab,7.0,0.811,0.637,0.0
seamless_eng,542e963e0571eb3a8e39cd8b9c72e4ac,23.0,0.244,0.135,0.0
seamless_eng,55618f3f467d215072b2aba769998bfc,14.0,0.242,0.119,0.0
seamless_eng,5727cf0b41509fa8dd1e7e4200925b1d,3.0,0.564,0.346,0.0
seamless_eng,5c5a9ddfcc58bbc8f661e8113d2cf348,5.0,0.465,0.312,0.0
seamless_eng,5e6c5fa886ca8a1bd2c69ec34cda8afd,109.0,0.484,0.281,0.0
seamless_eng,5f145c0e27d0ee6e944dfff56c666c28,62.0,0.196,0.125,0.0
seamless_eng,5f1f6073b134ab9216ed376206eaf8f2,1.0,0.5,0.383,0.0
seamless_eng,5f6b9fd0b9634b69f014dcebd9fdcd0f,5.0,0.495,0.243,0.0
seamless_eng,5fc00858b53bd62ed9b2cae5702a02e8,17.0,1.004,0.671,0.0
seamless_eng,65d54e69d6149629f39fac463ac2855a,1.0,0.158,0.11,0.0
seamless_eng,682c9d06e8131c1a7015b9d1723b1e8a,14.0,0.076,0.045,0.0
seamless_eng,7110ef7452b905bee8c66faee0ef8424,31.0,0.354,0.232,0.0
seamless_eng,777af300524d0ab532ce410a93837e01,97.0,0.441,0.311,0.0
seamless_eng,7ed2674e6aa8dce3e02f13f6e1368b76,8.0,0.686,0.474,0.0
seamless_eng,7fecdcd2ebea4ebb1e857f3aa0055ed4,66.0,0.694,0.517,0.0
seamless_eng,8834b9c6201b1afedbac3d297b91d211,394.0,0.341,0.236,0.0
seamless_eng,8850acbcf4be50fe8da523569ccfbb4c,1.0,0.333,0.2,0.0
seamless_eng,8a596cc673c3e945a8c99b4efe183d86,2.0,0.25,0.158,0.0
seamless_eng,8c5906506cef065416d459a4525775b1,58.0,0.321,0.179,0.0
seamless_eng,8ee05339708d46f0936dc47857912628,5.0,0.43,0.288,0.0
seamless_eng,906949c423adba10d134e37d67461ed4,25.0,0.236,0.139,0.0
seamless_eng,90a86c97b4637476653bb4c697afd0e4,24.0,0.274,0.192,0.0
seamless_eng,934a9e140d84185569bb5b31c1abf054,6.0,0.232,0.132,0.0
seamless_eng,9478b8ef402c2b1cd84ffadd959d59ab,73.0,0.579,0.374,0.0
seamless_eng,97493eaefcfe783546a99bf223504754,6.0,0.357,0.254,0.0
seamless_eng,9878ad307ef4f56e6ba915727dce1a90,77.0,0.454,0.233,0.0
seamless_eng,9b2e605a711621b54eefffe2e6d5af78,47.0,0.4,0.192,0.0
seamless_eng,9bedf9fe84cdb2abf1cb734bc7fff624,3.0,0.235,0.161,0.0
seamless_eng,9d7191b4f0843bb69b42c013d83cebbc,10.0,0.591,0.359,0.0
seamless_eng,9fbb4b81938a3b0fb5e4d097116ff501,28.0,0.315,0.209,0.0
seamless_eng,a2a222977e6b6eb1e8eb7e518607c75f,16.0,0.464,0.274,0.0
seamless_eng,a9dac562e98c05d5e86f29029995e675,134.0,0.702,0.487,0.0
seamless_eng,b0311b661e0343abd02e2a3f7dc49e84,3.0,0.184,0.125,0.0
seamless_eng,b0bdf4b1219a2427c1b185153d860482,2.0,0.255,0.118,0.0
seamless_eng,b44e4c2e70ad2b6b643e00ec7e3b91a0,7.0,0.18,0.098,0.0
seamless_eng,b47e5a51c6507bcafd99bee360ac2960,1.0,0.273,0.183,0.0
seamless_eng,be5991159360b437c7f623b3fcdfb179,13.0,0.345,0.173,0.0
seamless_eng,bfb901a0bb03dffbaed60cd6a6db4e98,5.0,0.467,0.248,0.0
seamless_eng,c0366d913f23385a34dc1a9d29440eb5,24.0,0.457,0.276,0.0
seamless_eng,c3cf5425606300c5efd39bcfdf392b2f,34.0,0.39,0.234,0.0
seamless_eng,c43dc1e97250bd3751ca1e1bf3723fd9,43.0,0.366,0.207,0.0
seamless_eng,c57559399661619c40f07246ff3f2b9a,23.0,0.689,0.461,0.0
seamless_eng,c61ebd53e0df5e2f05b85e4a1a5901f4,1.0,0.609,0.451,0.0
seamless_eng,c853580e8cf22f2ecb8e11ceeb61393c,7.0,0.814,0.48,0.0
seamless_eng,cb7088e7f1f97f2f4d9c9ff2f26d1a91,1.0,0.75,0.434,0.0
seamless_eng,cd04522d11afdaddd8bfac4979c6d8f7,47.0,0.366,0.266,0.0
seamless_eng,ce0e68c0bdec05d8f648810f984d7659,12.0,0.498,0.316,0.0
seamless_eng,cf00fe07549a694c704ad52da496c1cb,10.0,0.449,0.302,0.0
seamless_eng,cf67e66cd57243c41d01bd5bb4949453,74.0,0.458,0.331,0.0
seamless_eng,d855180a3395fb98524ef02a34a9bf55,2.0,0.258,0.136,0.0
seamless_eng,d997b018e2a3ba4aca3cdd4c304ca5c8,1.0,0.263,0.074,0.0
seamless_eng,dbdb2219587188aa1820660bf0c59d41,67.0,0.36,0.248,0.0
seamless_eng,dc4bd8af4a9bd2a20cfb3c0a62a03f2a,25.0,0.394,0.26,0.0
seamless_eng,e012b07574a93dcc7ccaff2b3f0158c2,12.0,0.331,0.231,0.0
seamless_eng,e0ef461d591a957edf96eeea86e86328,57.0,0.39,0.277,0.0
seamless_eng,e223b4b45480638b81a48bcca55b3517,17.0,0.209,0.116,0.0
seamless_eng,e815fc635502db553afa09d8803be039,8.0,0.317,0.283,0.0
seamless_eng,e841f60f42f4ff4da6e024dab5678aa0,15.0,0.281,0.244,0.0
seamless_eng,e87486db0c365bded42184d56b46a2a7,2.0,0.267,0.16,0.0
seamless_eng,e8c2b2c95dbbdf084eb305e075db326e,66.0,0.486,0.339,0.0
seamless_eng,ec015dc9e80a92c2ac6f76a6f9786adf,8.0,0.25,0.122,0.0
seamless_eng,f00c9f9076e123ca7b2868dc55971196,5.0,0.43,0.31,0.0
seamless_eng,f1e04e3451af161a870d52c2c7d015fc,18.0,0.455,0.362,0.0
seamless_eng,fc5723044cb9a2e0705d0d326cc0a2c5,4.0,0.156,0.098,0.0
seamless_eng,fd8a149bf9f59c9f6f842b63a35ea230,1.0,0.273,0.216,0.0
seamless_eng,fe1491203f6d6db863f57c13d1175710,5.0,0.232,0.068,0.0
simba_s,007bedaab26bda4fbf822c9cd78c71dd,7.0,0.376,0.272,1.0
simba_s,0188d763aceca1797aba9baf2659b224,14.0,0.442,0.357,1.0
simba_s,04cce0136b82c1f4fd0902c971028a17,119.0,0.625,0.531,23.0
simba_s,04f8559cf69276bbbd6c1aeadebdc8e6,28.0,0.685,0.569,7.0
simba_s,05bfb281d43fd38466f6693133f960af,7.0,0.543,0.441,0.0
simba_s,0768617f84499135f372a336661f5b18,61.0,0.458,0.382,10.0
simba_s,0853629182a128882b0aa2b55144884b,2.0,0.441,0.178,0.0
simba_s,08f04f21bc725e9544afac2a09b116e2,25.0,0.662,0.415,2.0
simba_s,0c47e2d176b3f79b2e1c9b0611ab0138,5.0,0.252,0.164,0.0
simba_s,0c914699ba1f4fdce8480338bff0cce5,8.0,0.482,0.296,0.0
simba_s,0eddd07521aa9e7dc6099a68694139a5,1.0,0.167,0.027,0.0
simba_s,144f8fb52bb1d041424a3b0be3a603ef,65.0,0.592,0.39,5.0
simba_s,1848af20251275bd29761e8ef31fd12c,2.0,0.553,0.373,0.0
simba_s,1ccd8853db601c4658ba3bbdcec99a65,1.0,0.333,0.084,0.0
simba_s,1cf5d3d55ba3cd8a49b31e67c2b76d21,1.0,0.5,0.175,0.0
simba_s,1fd5f717cede9a867bf37d03c7d2166b,58.0,0.47,0.249,4.0
simba_s,230bb9391bad01103b25c3e7e3ce6d0b,85.0,0.531,0.41,9.0
simba_s,25cb867a927f3e713f36248ea7f8204a,2.0,1.0,0.974,1.0
simba_s,27412edf6198b34f90b7d3f59e73dfb3,12.0,0.428,0.283,0.0
simba_s,28baf30be1d18bfa1ff17218de095c41,1.0,0.143,0.108,0.0
simba_s,2953ccbb2b2fff7334c560dfc0fc90d8,4.0,0.294,0.228,1.0
simba_s,29d91a97698e77356c617d4b4f9dc2b8,106.0,0.479,0.377,15.0
simba_s,2b1d7219188f3e05d6897e2489734977,4.0,1.02,0.786,1.0
simba_s,2bd29f3b4c25886c7c4111323ea33590,4.0,0.35,0.306,1.0
simba_s,33f8fcc4f27f4fbd23b991654a0abb3d,11.0,0.465,0.371,2.0
simba_s,374912276342d205922f6d05a674e976,3.0,0.607,0.611,1.0
simba_s,38a3a1f92043e839916138da3dc50270,99.0,0.359,0.293,10.0
simba_s,3a6efde35fae84bd9d85cca2a5a52007,2.0,1.058,0.817,0.0
simba_s,3d296344dba9bcc493a642dabe81d49c,55.0,0.542,0.368,6.0
simba_s,3d5d65f64910b384a99d2121e24b569c,45.0,0.337,0.268,2.0
simba_s,3e1fcf9a65d4fb76a9c567b9f8693ebe,51.0,0.523,0.387,2.0
simba_s,47d019c45b24800221cb048e4920333c,4.0,0.7,0.365,0.0
simba_s,4b52ff502023b48d0d770753a45ea958,2.0,0.231,0.075,0.0
simba_s,4cea52cb59b59857e4850d284d752c29,20.0,0.342,0.238,1.0
simba_s,4f854a1197b30151c03eb72983dbc020,5.0,0.57,0.45,1.0
simba_s,5057c86f6e51008dc7ac79aed68e59e4,11.0,0.702,0.454,0.0
simba_s,50c61c1b6d86caca20798602d7b8c0cb,5.0,0.54,0.472,2.0
simba_s,527da5a4cb4584a05a4632cd7c540365,4.0,0.792,0.755,1.0
simba_s,540e49d800433afc883cf3870a6ed1ab,7.0,0.639,0.541,0.0
simba_s,542e963e0571eb3a8e39cd8b9c72e4ac,23.0,0.339,0.188,2.0
simba_s,55618f3f467d215072b2aba769998bfc,14.0,0.39,0.273,2.0
simba_s,5727cf0b41509fa8dd1e7e4200925b1d,3.0,0.974,0.565,0.0
simba_s,5c5a9ddfcc58bbc8f661e8113d2cf348,5.0,0.577,0.495,1.0
simba_s,5e6c5fa886ca8a1bd2c69ec34cda8afd,109.0,0.592,0.418,14.0
simba_s,5f145c0e27d0ee6e944dfff56c666c28,62.0,0.267,0.17,3.0
simba_s,5f1f6073b134ab9216ed376206eaf8f2,1.0,0.273,0.078,0.0
simba_s,5f6b9fd0b9634b69f014dcebd9fdcd0f,5.0,0.639,0.459,2.0
simba_s,5fc00858b53bd62ed9b2cae5702a02e8,17.0,0.584,0.424,0.0
simba_s,65d54e69d6149629f39fac463ac2855a,1.0,1.0,1.0,1.0
simba_s,682c9d06e8131c1a7015b9d1723b1e8a,14.0,0.538,0.464,3.0
simba_s,7110ef7452b905bee8c66faee0ef8424,31.0,0.506,0.384,2.0
simba_s,777af300524d0ab532ce410a93837e01,97.0,0.536,0.453,23.0
simba_s,7ed2674e6aa8dce3e02f13f6e1368b76,8.0,0.453,0.343,1.0
simba_s,7fecdcd2ebea4ebb1e857f3aa0055ed4,66.0,0.628,0.57,27.0
simba_s,8834b9c6201b1afedbac3d297b91d211,394.0,0.43,0.338,50.0
simba_s,8850acbcf4be50fe8da523569ccfbb4c,1.0,0.556,0.236,0.0
simba_s,8a596cc673c3e945a8c99b4efe183d86,2.0,0.188,0.117,0.0
simba_s,8c5906506cef065416d459a4525775b1,58.0,0.568,0.399,6.0
simba_s,8ee05339708d46f0936dc47857912628,5.0,0.278,0.175,0.0
simba_s,906949c423adba10d134e37d67461ed4,25.0,0.29,0.183,2.0
simba_s,90a86c97b4637476653bb4c697afd0e4,24.0,0.402,0.283,1.0
simba_s,934a9e140d84185569bb5b31c1abf054,6.0,0.172,0.116,0.0
simba_s,9478b8ef402c2b1cd84ffadd959d59ab,73.0,0.622,0.552,21.0
simba_s,97493eaefcfe783546a99bf223504754,6.0,0.621,0.57,2.0
simba_s,9878ad307ef4f56e6ba915727dce1a90,77.0,0.491,0.333,8.0
simba_s,9b2e605a711621b54eefffe2e6d5af78,47.0,0.555,0.322,4.0
simba_s,9bedf9fe84cdb2abf1cb734bc7fff624,3.0,0.549,0.462,1.0
simba_s,9d7191b4f0843bb69b42c013d83cebbc,10.0,0.403,0.226,0.0
simba_s,9fbb4b81938a3b0fb5e4d097116ff501,28.0,0.483,0.397,4.0
simba_s,a2a222977e6b6eb1e8eb7e518607c75f,16.0,0.511,0.331,1.0
simba_s,a9dac562e98c05d5e86f29029995e675,134.0,0.7,0.593,38.0
simba_s,b0311b661e0343abd02e2a3f7dc49e84,3.0,0.612,0.339,0.0
simba_s,b0bdf4b1219a2427c1b185153d860482,2.0,0.277,0.141,0.0
simba_s,b44e4c2e70ad2b6b643e00ec7e3b91a0,7.0,0.453,0.375,2.0
simba_s,b47e5a51c6507bcafd99bee360ac2960,1.0,1.0,1.0,1.0
simba_s,be5991159360b437c7f623b3fcdfb179,13.0,0.609,0.466,3.0
simba_s,bfb901a0bb03dffbaed60cd6a6db4e98,5.0,0.393,0.168,0.0
simba_s,c0366d913f23385a34dc1a9d29440eb5,24.0,0.609,0.473,3.0
simba_s,c3cf5425606300c5efd39bcfdf392b2f,34.0,0.568,0.386,3.0
simba_s,c43dc1e97250bd3751ca1e1bf3723fd9,43.0,0.651,0.472,2.0
simba_s,c57559399661619c40f07246ff3f2b9a,23.0,0.559,0.479,6.0
simba_s,c61ebd53e0df5e2f05b85e4a1a5901f4,1.0,0.217,0.188,0.0
simba_s,c853580e8cf22f2ecb8e11ceeb61393c,7.0,0.743,0.531,3.0
simba_s,cb7088e7f1f97f2f4d9c9ff2f26d1a91,1.0,0.417,0.205,0.0
simba_s,cd04522d11afdaddd8bfac4979c6d8f7,47.0,0.754,0.619,9.0
simba_s,ce0e68c0bdec05d8f648810f984d7659,12.0,0.921,0.897,4.0
simba_s,cf00fe07549a694c704ad52da496c1cb,10.0,0.519,0.264,0.0
simba_s,cf67e66cd57243c41d01bd5bb4949453,74.0,0.599,0.457,6.0
simba_s,d855180a3395fb98524ef02a34a9bf55,2.0,0.323,0.167,0.0
simba_s,d997b018e2a3ba4aca3cdd4c304ca5c8,1.0,0.132,0.032,0.0
simba_s,dbdb2219587188aa1820660bf0c59d41,67.0,0.526,0.416,5.0
simba_s,dc4bd8af4a9bd2a20cfb3c0a62a03f2a,25.0,0.679,0.489,1.0
simba_s,e012b07574a93dcc7ccaff2b3f0158c2,12.0,0.236,0.148,0.0
simba_s,e0ef461d591a957edf96eeea86e86328,57.0,0.602,0.491,11.0
simba_s,e223b4b45480638b81a48bcca55b3517,17.0,0.622,0.374,1.0
simba_s,e815fc635502db553afa09d8803be039,8.0,0.602,0.582,3.0
simba_s,e841f60f42f4ff4da6e024dab5678aa0,15.0,0.473,0.395,1.0
simba_s,e87486db0c365bded42184d56b46a2a7,2.0,1.0,0.613,0.0
simba_s,e8c2b2c95dbbdf084eb305e075db326e,66.0,0.565,0.406,12.0
simba_s,ec015dc9e80a92c2ac6f76a6f9786adf,8.0,0.784,0.73,2.0
simba_s,f00c9f9076e123ca7b2868dc55971196,5.0,0.699,0.529,1.0
simba_s,f1e04e3451af161a870d52c2c7d015fc,18.0,0.602,0.486,1.0
simba_s,fc5723044cb9a2e0705d0d326cc0a2c5,4.0,0.469,0.372,0.0
simba_s,fd8a149bf9f59c9f6f842b63a35ea230,1.0,1.0,0.685,0.0
simba_s,fe1491203f6d6db863f57c13d1175710,5.0,0.304,0.147,0.0
simba_w,007bedaab26bda4fbf822c9cd78c71dd,7.0,0.312,0.24,0.0
simba_w,0188d763aceca1797aba9baf2659b224,14.0,0.45,0.322,0.0
simba_w,04cce0136b82c1f4fd0902c971028a17,119.0,0.551,0.397,2.0
simba_w,04f8559cf69276bbbd6c1aeadebdc8e6,28.0,0.555,0.369,0.0
simba_w,05bfb281d43fd38466f6693133f960af,7.0,1.112,0.905,0.0
simba_w,0768617f84499135f372a336661f5b18,61.0,0.273,0.181,0.0
simba_w,0853629182a128882b0aa2b55144884b,2.0,0.765,0.636,0.0
simba_w,08f04f21bc725e9544afac2a09b116e2,25.0,0.705,0.425,0.0
simba_w,0c47e2d176b3f79b2e1c9b0611ab0138,5.0,1.49,1.339,0.0
simba_w,0c914699ba1f4fdce8480338bff0cce5,8.0,0.291,0.206,0.0
simba_w,0eddd07521aa9e7dc6099a68694139a5,1.0,0.167,0.027,0.0
simba_w,144f8fb52bb1d041424a3b0be3a603ef,65.0,0.503,0.312,0.0
simba_w,1848af20251275bd29761e8ef31fd12c,2.0,0.605,0.393,0.0
simba_w,1ccd8853db601c4658ba3bbdcec99a65,1.0,0.407,0.146,0.0
simba_w,1cf5d3d55ba3cd8a49b31e67c2b76d21,1.0,0.333,0.25,0.0
simba_w,1fd5f717cede9a867bf37d03c7d2166b,58.0,0.379,0.169,0.0
simba_w,230bb9391bad01103b25c3e7e3ce6d0b,85.0,0.327,0.237,0.0
simba_w,25cb867a927f3e713f36248ea7f8204a,2.0,0.318,0.184,0.0
simba_w,27412edf6198b34f90b7d3f59e73dfb3,12.0,1.488,1.116,0.0
simba_w,28baf30be1d18bfa1ff17218de095c41,1.0,0.0,0.0,0.0
simba_w,2953ccbb2b2fff7334c560dfc0fc90d8,4.0,1.431,1.151,0.0
simba_w,29d91a97698e77356c617d4b4f9dc2b8,106.0,1.163,0.819,0.0
simba_w,2b1d7219188f3e05d6897e2489734977,4.0,0.13,0.069,0.0
simba_w,2bd29f3b4c25886c7c4111323ea33590,4.0,0.888,0.505,0.0
simba_w,33f8fcc4f27f4fbd23b991654a0abb3d,11.0,0.875,0.612,0.0
simba_w,374912276342d205922f6d05a674e976,3.0,0.268,0.133,0.0
simba_w,38a3a1f92043e839916138da3dc50270,99.0,0.789,0.543,0.0
simba_w,3a6efde35fae84bd9d85cca2a5a52007,2.0,0.135,0.041,0.0
simba_w,3d296344dba9bcc493a642dabe81d49c,55.0,0.492,0.325,0.0
simba_w,3d5d65f64910b384a99d2121e24b569c,45.0,0.431,0.3,1.0
simba_w,3e1fcf9a65d4fb76a9c567b9f8693ebe,51.0,0.331,0.214,0.0
simba_w,47d019c45b24800221cb048e4920333c,4.0,0.3,0.158,0.0
simba_w,4b52ff502023b48d0d770753a45ea958,2.0,0.462,0.272,0.0
simba_w,4cea52cb59b59857e4850d284d752c29,20.0,0.261,0.172,0.0
simba_w,4f854a1197b30151c03eb72983dbc020,5.0,0.835,0.508,0.0
simba_w,5057c86f6e51008dc7ac79aed68e59e4,11.0,0.565,0.356,0.0
simba_w,50c61c1b6d86caca20798602d7b8c0cb,5.0,0.124,0.035,0.0
simba_w,527da5a4cb4584a05a4632cd7c540365,4.0,0.472,0.37,0.0
simba_w,540e49d800433afc883cf3870a6ed1ab,7.0,0.664,0.451,0.0
simba_w,542e963e0571eb3a8e39cd8b9c72e4ac,23.0,0.355,0.221,0.0
simba_w,55618f3f467d215072b2aba769998bfc,14.0,0.619,0.505,0.0
simba_w,5727cf0b41509fa8dd1e7e4200925b1d,3.0,0.641,0.464,0.0
simba_w,5c5a9ddfcc58bbc8f661e8113d2cf348,5.0,0.394,0.251,0.0
simba_w,5e6c5fa886ca8a1bd2c69ec34cda8afd,109.0,0.416,0.225,1.0
simba_w,5f145c0e27d0ee6e944dfff56c666c28,62.0,0.678,0.481,1.0
simba_w,5f1f6073b134ab9216ed376206eaf8f2,1.0,0.182,0.021,0.0
simba_w,5f6b9fd0b9634b69f014dcebd9fdcd0f,5.0,0.412,0.168,1.0
simba_w,5fc00858b53bd62ed9b2cae5702a02e8,17.0,0.743,0.508,0.0
simba_w,65d54e69d6149629f39fac463ac2855a,1.0,0.316,0.254,0.0
simba_w,682c9d06e8131c1a7015b9d1723b1e8a,14.0,0.13,0.087,0.0
simba_w,7110ef7452b905bee8c66faee0ef8424,31.0,0.625,0.508,0.0
simba_w,777af300524d0ab532ce410a93837e01,97.0,0.77,0.594,0.0
simba_w,7ed2674e6aa8dce3e02f13f6e1368b76,8.0,0.365,0.245,0.0
simba_w,7fecdcd2ebea4ebb1e857f3aa0055ed4,66.0,0.604,0.443,1.0
simba_w,8834b9c6201b1afedbac3d297b91d211,394.0,0.51,0.348,0.0
simba_w,8850acbcf4be50fe8da523569ccfbb4c,1.0,0.778,0.4,0.0
simba_w,8a596cc673c3e945a8c99b4efe183d86,2.0,0.25,0.117,0.0
simba_w,8c5906506cef065416d459a4525775b1,58.0,0.482,0.288,0.0
simba_w,8ee05339708d46f0936dc47857912628,5.0,0.696,0.44,0.0
simba_w,906949c423adba10d134e37d67461ed4,25.0,0.29,0.176,0.0
simba_w,90a86c97b4637476653bb4c697afd0e4,24.0,0.362,0.241,0.0
simba_w,934a9e140d84185569bb5b31c1abf054,6.0,0.131,0.055,0.0
simba_w,9478b8ef402c2b1cd84ffadd959d59ab,73.0,0.725,0.444,0.0
simba_w,97493eaefcfe783546a99bf223504754,6.0,0.236,0.202,0.0
simba_w,9878ad307ef4f56e6ba915727dce1a90,77.0,0.999,0.67,1.0
simba_w,9b2e605a711621b54eefffe2e6d5af78,47.0,0.401,0.212,0.0
simba_w,9bedf9fe84cdb2abf1cb734bc7fff624,3.0,0.294,0.14,0.0
simba_w,9d7191b4f0843bb69b42c013d83cebbc,10.0,0.349,0.247,0.0
simba_w,9fbb4b81938a3b0fb5e4d097116ff501,28.0,0.434,0.297,0.0
simba_w,a2a222977e6b6eb1e8eb7e518607c75f,16.0,0.688,0.507,0.0
simba_w,a9dac562e98c05d5e86f29029995e675,134.0,0.644,0.454,0.0
simba_w,b0311b661e0343abd02e2a3f7dc49e84,3.0,0.122,0.074,0.0
simba_w,b0bdf4b1219a2427c1b185153d860482,2.0,0.83,0.749,0.0
simba_w,b44e4c2e70ad2b6b643e00ec7e3b91a0,7.0,1.093,0.774,0.0
simba_w,b47e5a51c6507bcafd99bee360ac2960,1.0,0.03,0.05,0.0
simba_w,be5991159360b437c7f623b3fcdfb179,13.0,0.294,0.155,0.0
simba_w,bfb901a0bb03dffbaed60cd6a6db4e98,5.0,0.327,0.117,0.0
simba_w,c0366d913f23385a34dc1a9d29440eb5,24.0,0.487,0.365,0.0
simba_w,c3cf5425606300c5efd39bcfdf392b2f,34.0,0.423,0.217,0.0
simba_w,c43dc1e97250bd3751ca1e1bf3723fd9,43.0,0.451,0.263,0.0
simba_w,c57559399661619c40f07246ff3f2b9a,23.0,0.425,0.32,0.0
simba_w,c61ebd53e0df5e2f05b85e4a1a5901f4,1.0,1.0,0.872,0.0
simba_w,c853580e8cf22f2ecb8e11ceeb61393c,7.0,0.686,0.486,0.0
simba_w,cb7088e7f1f97f2f4d9c9ff2f26d1a91,1.0,0.583,0.289,0.0
simba_w,cd04522d11afdaddd8bfac4979c6d8f7,47.0,0.499,0.347,2.0
simba_w,ce0e68c0bdec05d8f648810f984d7659,12.0,1.013,0.854,0.0
simba_w,cf00fe07549a694c704ad52da496c1cb,10.0,0.481,0.285,0.0
simba_w,cf67e66cd57243c41d01bd5bb4949453,74.0,0.673,0.473,0.0
simba_w,d855180a3395fb98524ef02a34a9bf55,2.0,0.968,0.581,0.0
simba_w,d997b018e2a3ba4aca3cdd4c304ca5c8,1.0,0.158,0.037,0.0
simba_w,dbdb2219587188aa1820660bf0c59d41,67.0,0.631,0.451,1.0
simba_w,dc4bd8af4a9bd2a20cfb3c0a62a03f2a,25.0,0.45,0.308,0.0
simba_w,e012b07574a93dcc7ccaff2b3f0158c2,12.0,0.38,0.237,0.0
simba_w,e0ef461d591a957edf96eeea86e86328,57.0,0.327,0.218,0.0
simba_w,e223b4b45480638b81a48bcca55b3517,17.0,0.471,0.362,0.0
simba_w,e815fc635502db553afa09d8803be039,8.0,0.276,0.18,0.0
simba_w,e841f60f42f4ff4da6e024dab5678aa0,15.0,0.353,0.282,0.0
simba_w,e87486db0c365bded42184d56b46a2a7,2.0,0.333,0.142,0.0
simba_w,e8c2b2c95dbbdf084eb305e075db326e,66.0,0.836,0.535,1.0
simba_w,ec015dc9e80a92c2ac6f76a6f9786adf,8.0,0.31,0.151,0.0
simba_w,f00c9f9076e123ca7b2868dc55971196,5.0,0.301,0.191,0.0
simba_w,f1e04e3451af161a870d52c2c7d015fc,18.0,0.491,0.349,0.0
simba_w,fc5723044cb9a2e0705d0d326cc0a2c5,4.0,0.578,0.467,0.0
simba_w,fd8a149bf9f59c9f6f842b63a35ea230,1.0,0.318,0.225,0.0
simba_w,fe1491203f6d6db863f57c13d1175710,5.0,0.319,0.183,0.0
simba_w_en,0188d763aceca1797aba9baf2659b224,1.0,0.133,0.085,0.0
simba_w_en,04cce0136b82c1f4fd0902c971028a17,16.0,0.278,0.219,0.0
simba_w_en,04f8559cf69276bbbd6c1aeadebdc8e6,3.0,0.19,0.102,0.0
simba_w_en,05bfb281d43fd38466f6693133f960af,1.0,0.348,0.188,0.0
simba_w_en,0768617f84499135f372a336661f5b18,6.0,0.24,0.162,0.0
simba_w_en,08f04f21bc725e9544afac2a09b116e2,5.0,0.378,0.207,0.0
simba_w_en,0c914699ba1f4fdce8480338bff0cce5,1.0,0.667,0.385,0.0
simba_w_en,144f8fb52bb1d041424a3b0be3a603ef,4.0,0.301,0.176,0.0
simba_w_en,1ccd8853db601c4658ba3bbdcec99a65,1.0,0.333,0.14,0.0
simba_w_en,1fd5f717cede9a867bf37d03c7d2166b,58.0,0.286,0.108,0.0
simba_w_en,230bb9391bad01103b25c3e7e3ce6d0b,12.0,0.158,0.118,0.0
simba_w_en,27412edf6198b34f90b7d3f59e73dfb3,1.0,0.0,0.0,0.0
simba_w_en,29d91a97698e77356c617d4b4f9dc2b8,17.0,0.275,0.201,0.0
simba_w_en,2bd29f3b4c25886c7c4111323ea33590,2.0,0.256,0.18,0.0
simba_w_en,33f8fcc4f27f4fbd23b991654a0abb3d,1.0,0.286,0.333,0.0
simba_w_en,374912276342d205922f6d05a674e976,1.0,0.077,0.03,0.0
simba_w_en,38a3a1f92043e839916138da3dc50270,13.0,0.24,0.176,0.0
simba_w_en,3d296344dba9bcc493a642dabe81d49c,5.0,0.357,0.235,0.0
simba_w_en,3d5d65f64910b384a99d2121e24b569c,6.0,0.198,0.138,0.0
simba_w_en,3e1fcf9a65d4fb76a9c567b9f8693ebe,6.0,0.407,0.227,0.0
simba_w_en,47d019c45b24800221cb048e4920333c,4.0,0.25,0.128,0.0
simba_w_en,4cea52cb59b59857e4850d284d752c29,4.0,0.169,0.115,0.0
simba_w_en,4f854a1197b30151c03eb72983dbc020,2.0,0.316,0.099,0.0
simba_w_en,5057c86f6e51008dc7ac79aed68e59e4,2.0,0.533,0.507,0.0
simba_w_en,50c61c1b6d86caca20798602d7b8c0cb,1.0,0.0,0.0,0.0
simba_w_en,540e49d800433afc883cf3870a6ed1ab,1.0,0.9,0.84,0.0
simba_w_en,542e963e0571eb3a8e39cd8b9c72e4ac,4.0,0.333,0.116,0.0
simba_w_en,55618f3f467d215072b2aba769998bfc,1.0,0.15,0.035,0.0
simba_w_en,5e6c5fa886ca8a1bd2c69ec34cda8afd,11.0,0.29,0.156,0.0
simba_w_en,5f145c0e27d0ee6e944dfff56c666c28,4.0,0.33,0.144,0.0
simba_w_en,5f1f6073b134ab9216ed376206eaf8f2,1.0,0.182,0.021,0.0
simba_w_en,5f6b9fd0b9634b69f014dcebd9fdcd0f,1.0,0.533,0.108,0.0
simba_w_en,5fc00858b53bd62ed9b2cae5702a02e8,3.0,0.5,0.274,0.0
simba_w_en,682c9d06e8131c1a7015b9d1723b1e8a,1.0,0.5,0.12,0.0
simba_w_en,7110ef7452b905bee8c66faee0ef8424,5.0,0.214,0.17,0.0
simba_w_en,777af300524d0ab532ce410a93837e01,9.0,0.189,0.108,0.0
simba_w_en,7ed2674e6aa8dce3e02f13f6e1368b76,1.0,0.222,0.189,0.0
simba_w_en,7fecdcd2ebea4ebb1e857f3aa0055ed4,6.0,0.28,0.188,0.0
simba_w_en,8834b9c6201b1afedbac3d297b91d211,34.0,0.308,0.215,0.0
simba_w_en,8c5906506cef065416d459a4525775b1,7.0,0.203,0.103,0.0
simba_w_en,8ee05339708d46f0936dc47857912628,1.0,0.08,0.049,0.0
simba_w_en,906949c423adba10d134e37d67461ed4,25.0,0.279,0.175,0.0
simba_w_en,90a86c97b4637476653bb4c697afd0e4,3.0,0.167,0.099,0.0
simba_w_en,934a9e140d84185569bb5b31c1abf054,1.0,0.091,0.115,0.0
simba_w_en,9478b8ef402c2b1cd84ffadd959d59ab,5.0,0.198,0.13,0.0
simba_w_en,9878ad307ef4f56e6ba915727dce1a90,6.0,0.34,0.186,0.0
simba_w_en,9b2e605a711621b54eefffe2e6d5af78,5.0,0.287,0.08,0.0
simba_w_en,9d7191b4f0843bb69b42c013d83cebbc,1.0,0.2,0.016,0.0
simba_w_en,9fbb4b81938a3b0fb5e4d097116ff501,3.0,0.2,0.113,0.0
simba_w_en,a2a222977e6b6eb1e8eb7e518607c75f,2.0,0.267,0.137,0.0
simba_w_en,a9dac562e98c05d5e86f29029995e675,20.0,0.303,0.198,0.0
simba_w_en,b0311b661e0343abd02e2a3f7dc49e84,1.0,0.1,0.031,0.0
simba_w_en,be5991159360b437c7f623b3fcdfb179,2.0,0.296,0.175,0.0
simba_w_en,c0366d913f23385a34dc1a9d29440eb5,4.0,0.168,0.096,0.0
simba_w_en,c3cf5425606300c5efd39bcfdf392b2f,4.0,0.311,0.12,0.0
simba_w_en,c57559399661619c40f07246ff3f2b9a,3.0,0.132,0.127,0.0
simba_w_en,c61ebd53e0df5e2f05b85e4a1a5901f4,1.0,0.261,0.188,0.0
simba_w_en,c853580e8cf22f2ecb8e11ceeb61393c,1.0,0.462,0.107,0.0
simba_w_en,cd04522d11afdaddd8bfac4979c6d8f7,2.0,0.161,0.108,0.0
simba_w_en,ce0e68c0bdec05d8f648810f984d7659,3.0,0.189,0.176,0.0
simba_w_en,cf00fe07549a694c704ad52da496c1cb,3.0,0.24,0.053,0.0
simba_w_en,cf67e66cd57243c41d01bd5bb4949453,5.0,0.238,0.188,0.0
simba_w_en,dbdb2219587188aa1820660bf0c59d41,7.0,0.2,0.152,0.0
simba_w_en,dc4bd8af4a9bd2a20cfb3c0a62a03f2a,3.0,0.164,0.101,0.0
simba_w_en,e012b07574a93dcc7ccaff2b3f0158c2,2.0,0.043,0.046,0.0
simba_w_en,e0ef461d591a957edf96eeea86e86328,1.0,0.167,0.107,0.0
simba_w_en,e223b4b45480638b81a48bcca55b3517,2.0,0.111,0.042,0.0
simba_w_en,e815fc635502db553afa09d8803be039,1.0,0.211,0.138,0.0
simba_w_en,e841f60f42f4ff4da6e024dab5678aa0,1.0,0.182,0.161,0.0
simba_w_en,e8c2b2c95dbbdf084eb305e075db326e,5.0,0.278,0.186,0.0
simba_w_en,ec015dc9e80a92c2ac6f76a6f9786adf,8.0,0.25,0.104,0.0
simba_w_en,f1e04e3451af161a870d52c2c7d015fc,3.0,0.458,0.326,0.0
whisper_v3,007bedaab26bda4fbf822c9cd78c71dd,7.0,0.2,0.144,0.0
whisper_v3,0188d763aceca1797aba9baf2659b224,14.0,0.211,0.139,0.0
whisper_v3,04cce0136b82c1f4fd0902c971028a17,119.0,0.249,0.16,0.0
whisper_v3,04f8559cf69276bbbd6c1aeadebdc8e6,28.0,0.246,0.144,0.0
whisper_v3,05bfb281d43fd38466f6693133f960af,7.0,0.336,0.239,0.0
whisper_v3,0768617f84499135f372a336661f5b18,61.0,0.244,0.167,0.0
whisper_v3,0853629182a128882b0aa2b55144884b,2.0,0.324,0.187,0.0
whisper_v3,08f04f21bc725e9544afac2a09b116e2,25.0,0.358,0.227,0.0
whisper_v3,0c47e2d176b3f79b2e1c9b0611ab0138,5.0,0.156,0.103,0.0
whisper_v3,0c914699ba1f4fdce8480338bff0cce5,8.0,0.2,0.14,0.0
whisper_v3,0eddd07521aa9e7dc6099a68694139a5,1.0,0.167,0.027,0.0
whisper_v3,144f8fb52bb1d041424a3b0be3a603ef,65.0,0.333,0.183,0.0
whisper_v3,1848af20251275bd29761e8ef31fd12c,2.0,0.342,0.254,0.0
whisper_v3,1ccd8853db601c4658ba3bbdcec99a65,1.0,0.259,0.062,0.0
whisper_v3,1cf5d3d55ba3cd8a49b31e67c2b76d21,1.0,0.333,0.25,0.0
whisper_v3,1fd5f717cede9a867bf37d03c7d2166b,58.0,0.248,0.072,0.0
whisper_v3,230bb9391bad01103b25c3e7e3ce6d0b,85.0,0.186,0.131,0.0
whisper_v3,25cb867a927f3e713f36248ea7f8204a,2.0,0.227,0.158,0.0
whisper_v3,27412edf6198b34f90b7d3f59e73dfb3,12.0,0.12,0.045,0.0
whisper_v3,28baf30be1d18bfa1ff17218de095c41,1.0,0.286,0.27,0.0
whisper_v3,2953ccbb2b2fff7334c560dfc0fc90d8,4.0,0.235,0.145,0.0
whisper_v3,29d91a97698e77356c617d4b4f9dc2b8,106.0,0.247,0.16,0.0
whisper_v3,2b1d7219188f3e05d6897e2489734977,4.0,0.1,0.047,0.0
whisper_v3,2bd29f3b4c25886c7c4111323ea33590,4.0,0.262,0.197,0.0
whisper_v3,33f8fcc4f27f4fbd23b991654a0abb3d,11.0,0.23,0.133,0.0
whisper_v3,374912276342d205922f6d05a674e976,3.0,0.143,0.099,0.0
whisper_v3,38a3a1f92043e839916138da3dc50270,99.0,0.158,0.114,0.0
whisper_v3,3a6efde35fae84bd9d85cca2a5a52007,2.0,0.212,0.129,0.0
whisper_v3,3d296344dba9bcc493a642dabe81d49c,55.0,0.267,0.121,0.0
whisper_v3,3d5d65f64910b384a99d2121e24b569c,45.0,0.145,0.103,0.0
whisper_v3,3e1fcf9a65d4fb76a9c567b9f8693ebe,51.0,0.23,0.152,0.0
whisper_v3,47d019c45b24800221cb048e4920333c,4.0,0.217,0.131,0.0
whisper_v3,4b52ff502023b48d0d770753a45ea958,2.0,0.308,0.184,0.0
whisper_v3,4cea52cb59b59857e4850d284d752c29,20.0,0.208,0.131,0.0
whisper_v3,4f854a1197b30151c03eb72983dbc020,5.0,0.177,0.036,0.0
whisper_v3,5057c86f6e51008dc7ac79aed68e59e4,11.0,0.387,0.216,0.0
whisper_v3,50c61c1b6d86caca20798602d7b8c0cb,5.0,0.106,0.031,0.0
whisper_v3,527da5a4cb4584a05a4632cd7c540365,4.0,0.208,0.11,0.0
whisper_v3,540e49d800433afc883cf3870a6ed1ab,7.0,0.41,0.295,0.0
whisper_v3,542e963e0571eb3a8e39cd8b9c72e4ac,23.0,0.171,0.069,0.0
whisper_v3,55618f3f467d215072b2aba769998bfc,14.0,0.143,0.049,0.0
whisper_v3,5727cf0b41509fa8dd1e7e4200925b1d,3.0,0.359,0.211,0.0
whisper_v3,5c5a9ddfcc58bbc8f661e8113d2cf348,5.0,0.239,0.183,0.0
whisper_v3,5e6c5fa886ca8a1bd2c69ec34cda8afd,109.0,0.291,0.143,0.0
whisper_v3,5f145c0e27d0ee6e944dfff56c666c28,62.0,0.117,0.048,0.0
whisper_v3,5f1f6073b134ab9216ed376206eaf8f2,1.0,0.182,0.021,0.0
whisper_v3,5f6b9fd0b9634b69f014dcebd9fdcd0f,5.0,0.268,0.049,0.0
whisper_v3,5fc00858b53bd62ed9b2cae5702a02e8,17.0,0.398,0.218,0.0
whisper_v3,65d54e69d6149629f39fac463ac2855a,1.0,0.263,0.195,0.0
whisper_v3,682c9d06e8131c1a7015b9d1723b1e8a,14.0,0.049,0.035,0.0
whisper_v3,7110ef7452b905bee8c66faee0ef8424,31.0,0.176,0.124,0.0
whisper_v3,777af300524d0ab532ce410a93837e01,97.0,0.208,0.144,0.0
whisper_v3,7ed2674e6aa8dce3e02f13f6e1368b76,8.0,0.241,0.18,0.0
whisper_v3,7fecdcd2ebea4ebb1e857f3aa0055ed4,66.0,0.228,0.155,0.0
whisper_v3,8834b9c6201b1afedbac3d297b91d211,394.0,0.205,0.135,0.0
whisper_v3,8850acbcf4be50fe8da523569ccfbb4c,1.0,0.333,0.073,0.0
whisper_v3,8a596cc673c3e945a8c99b4efe183d86,2.0,0.0,0.0,0.0
whisper_v3,8c5906506cef065416d459a4525775b1,58.0,0.228,0.117,0.0
whisper_v3,8ee05339708d46f0936dc47857912628,5.0,0.266,0.152,0.0
whisper_v3,906949c423adba10d134e37d67461ed4,25.0,0.249,0.145,0.0
whisper_v3,90a86c97b4637476653bb4c697afd0e4,24.0,0.287,0.164,0.0
whisper_v3,934a9e140d84185569bb5b31c1abf054,6.0,0.091,0.035,0.0
whisper_v3,9478b8ef402c2b1cd84ffadd959d59ab,73.0,0.257,0.149,0.0
whisper_v3,97493eaefcfe783546a99bf223504754,6.0,0.221,0.16,0.0
whisper_v3,9878ad307ef4f56e6ba915727dce1a90,77.0,0.304,0.173,0.0
whisper_v3,9b2e605a711621b54eefffe2e6d5af78,47.0,0.246,0.084,0.0
whisper_v3,9bedf9fe84cdb2abf1cb734bc7fff624,3.0,0.137,0.115,0.0
whisper_v3,9d7191b4f0843bb69b42c013d83cebbc,10.0,0.215,0.117,0.0
whisper_v3,9fbb4b81938a3b0fb5e4d097116ff501,28.0,0.197,0.124,0.0
whisper_v3,a2a222977e6b6eb1e8eb7e518607c75f,16.0,0.156,0.058,0.0
whisper_v3,a9dac562e98c05d5e86f29029995e675,134.0,0.219,0.154,0.0
whisper_v3,b0311b661e0343abd02e2a3f7dc49e84,3.0,0.204,0.128,0.0
whisper_v3,b0bdf4b1219a2427c1b185153d860482,2.0,0.17,0.076,0.0
whisper_v3,b44e4c2e70ad2b6b643e00ec7e3b91a0,7.0,0.173,0.102,0.0
whisper_v3,b47e5a51c6507bcafd99bee360ac2960,1.0,0.03,0.05,0.0
whisper_v3,be5991159360b437c7f623b3fcdfb179,13.0,0.298,0.143,0.0
whisper_v3,bfb901a0bb03dffbaed60cd6a6db4e98,5.0,0.421,0.134,0.0
whisper_v3,c0366d913f23385a34dc1a9d29440eb5,24.0,0.232,0.148,0.0
whisper_v3,c3cf5425606300c5efd39bcfdf392b2f,34.0,0.336,0.166,1.0
whisper_v3,c43dc1e97250bd3751ca1e1bf3723fd9,43.0,0.285,0.159,0.0
whisper_v3,c57559399661619c40f07246ff3f2b9a,23.0,0.22,0.129,0.0
whisper_v3,c61ebd53e0df5e2f05b85e4a1a5901f4,1.0,0.087,0.075,0.0
whisper_v3,c853580e8cf22f2ecb8e11ceeb61393c,7.0,0.486,0.242,0.0
whisper_v3,cb7088e7f1f97f2f4d9c9ff2f26d1a91,1.0,0.417,0.157,0.0
whisper_v3,cd04522d11afdaddd8bfac4979c6d8f7,47.0,0.205,0.147,0.0
whisper_v3,ce0e68c0bdec05d8f648810f984d7659,12.0,0.162,0.101,0.0
whisper_v3,cf00fe07549a694c704ad52da496c1cb,10.0,0.192,0.048,0.0
whisper_v3,cf67e66cd57243c41d01bd5bb4949453,74.0,0.333,0.211,0.0
whisper_v3,d855180a3395fb98524ef02a34a9bf55,2.0,0.129,0.045,0.0
whisper_v3,d997b018e2a3ba4aca3cdd4c304ca5c8,1.0,0.158,0.041,0.0
whisper_v3,dbdb2219587188aa1820660bf0c59d41,67.0,0.234,0.145,0.0
whisper_v3,dc4bd8af4a9bd2a20cfb3c0a62a03f2a,25.0,0.229,0.163,0.0
whisper_v3,e012b07574a93dcc7ccaff2b3f0158c2,12.0,0.132,0.061,0.0
whisper_v3,e0ef461d591a957edf96eeea86e86328,57.0,0.232,0.15,0.0
whisper_v3,e223b4b45480638b81a48bcca55b3517,17.0,0.133,0.055,0.0
whisper_v3,e815fc635502db553afa09d8803be039,8.0,0.203,0.144,0.0
whisper_v3,e841f60f42f4ff4da6e024dab5678aa0,15.0,0.183,0.139,0.0
whisper_v3,e87486db0c365bded42184d56b46a2a7,2.0,0.133,0.094,0.0
whisper_v3,e8c2b2c95dbbdf084eb305e075db326e,66.0,0.254,0.13,0.0
whisper_v3,ec015dc9e80a92c2ac6f76a6f9786adf,8.0,0.259,0.127,0.0
whisper_v3,f00c9f9076e123ca7b2868dc55971196,5.0,0.183,0.156,0.0
whisper_v3,f1e04e3451af161a870d52c2c7d015fc,18.0,0.272,0.191,0.0
whisper_v3,fc5723044cb9a2e0705d0d326cc0a2c5,4.0,0.203,0.144,0.0
whisper_v3,fd8a149bf9f59c9f6f842b63a35ea230,1.0,0.091,0.018,0.0
whisper_v3,fe1491203f6d6db863f57c13d1175710,5.0,0.13,0.03,0.0
whisper_v3_prompt,007bedaab26bda4fbf822c9cd78c71dd,7.0,0.136,0.088,0.0
whisper_v3_prompt,0188d763aceca1797aba9baf2659b224,14.0,0.116,0.06,0.0
whisper_v3_prompt,04cce0136b82c1f4fd0902c971028a17,119.0,0.218,0.137,0.0
whisper_v3_prompt,04f8559cf69276bbbd6c1aeadebdc8e6,28.0,0.178,0.082,0.0
whisper_v3_prompt,05bfb281d43fd38466f6693133f960af,7.0,0.267,0.183,0.0
whisper_v3_prompt,0768617f84499135f372a336661f5b18,61.0,0.202,0.132,0.0
whisper_v3_prompt,0853629182a128882b0aa2b55144884b,2.0,0.265,0.133,0.0
whisper_v3_prompt,08f04f21bc725e9544afac2a09b116e2,25.0,0.334,0.208,0.0
whisper_v3_prompt,0c47e2d176b3f79b2e1c9b0611ab0138,5.0,0.102,0.06,0.0
whisper_v3_prompt,0c914699ba1f4fdce8480338bff0cce5,8.0,0.109,0.066,0.0
whisper_v3_prompt,0eddd07521aa9e7dc6099a68694139a5,1.0,0.167,0.027,0.0
whisper_v3_prompt,144f8fb52bb1d041424a3b0be3a603ef,65.0,0.289,0.155,0.0
whisper_v3_prompt,1848af20251275bd29761e8ef31fd12c,2.0,0.342,0.249,0.0
whisper_v3_prompt,1ccd8853db601c4658ba3bbdcec99a65,1.0,0.296,0.067,0.0
whisper_v3_prompt,1cf5d3d55ba3cd8a49b31e67c2b76d21,1.0,0.333,0.25,0.0
whisper_v3_prompt,1fd5f717cede9a867bf37d03c7d2166b,58.0,0.222,0.071,0.0
whisper_v3_prompt,230bb9391bad01103b25c3e7e3ce6d0b,85.0,0.12,0.07,0.0
whisper_v3_prompt,25cb867a927f3e713f36248ea7f8204a,2.0,0.182,0.105,0.0
whisper_v3_prompt,27412edf6198b34f90b7d3f59e73dfb3,12.0,0.139,0.059,0.0
whisper_v3_prompt,28baf30be1d18bfa1ff17218de095c41,1.0,0.286,0.27,0.0
whisper_v3_prompt,2953ccbb2b2fff7334c560dfc0fc90d8,4.0,0.294,0.195,0.0
whisper_v3_prompt,29d91a97698e77356c617d4b4f9dc2b8,106.0,0.204,0.124,0.0
whisper_v3_prompt,2b1d7219188f3e05d6897e2489734977,4.0,0.07,0.038,0.0
whisper_v3_prompt,2bd29f3b4c25886c7c4111323ea33590,4.0,0.175,0.092,0.0
whisper_v3_prompt,33f8fcc4f27f4fbd23b991654a0abb3d,11.0,0.185,0.127,0.0
whisper_v3_prompt,374912276342d205922f6d05a674e976,3.0,0.143,0.071,0.0
whisper_v3_prompt,38a3a1f92043e839916138da3dc50270,99.0,0.111,0.068,0.0
whisper_v3_prompt,3a6efde35fae84bd9d85cca2a5a52007,2.0,0.154,0.081,0.0
whisper_v3_prompt,3d296344dba9bcc493a642dabe81d49c,55.0,0.26,0.119,0.0
whisper_v3_prompt,3d5d65f64910b384a99d2121e24b569c,45.0,0.107,0.073,0.0
whisper_v3_prompt,3e1fcf9a65d4fb76a9c567b9f8693ebe,51.0,0.198,0.124,0.0
whisper_v3_prompt,47d019c45b24800221cb048e4920333c,4.0,0.233,0.133,0.0
whisper_v3_prompt,4b52ff502023b48d0d770753a45ea958,2.0,0.385,0.197,0.0
whisper_v3_prompt,4cea52cb59b59857e4850d284d752c29,20.0,0.121,0.056,0.0
whisper_v3_prompt,4f854a1197b30151c03eb72983dbc020,5.0,0.165,0.029,0.0
whisper_v3_prompt,5057c86f6e51008dc7ac79aed68e59e4,11.0,0.347,0.197,0.0
whisper_v3_prompt,50c61c1b6d86caca20798602d7b8c0cb,5.0,0.097,0.035,0.0
whisper_v3_prompt,527da5a4cb4584a05a4632cd7c540365,4.0,0.222,0.123,0.0
whisper_v3_prompt,540e49d800433afc883cf3870a6ed1ab,7.0,0.426,0.297,0.0
whisper_v3_prompt,542e963e0571eb3a8e39cd8b9c72e4ac,23.0,0.166,0.063,0.0
whisper_v3_prompt,55618f3f467d215072b2aba769998bfc,14.0,0.139,0.041,0.0
whisper_v3_prompt,5727cf0b41509fa8dd1e7e4200925b1d,3.0,0.385,0.241,0.0
whisper_v3_prompt,5c5a9ddfcc58bbc8f661e8113d2cf348,5.0,0.239,0.173,0.0
whisper_v3_prompt,5e6c5fa886ca8a1bd2c69ec34cda8afd,109.0,0.221,0.097,0.0
whisper_v3_prompt,5f145c0e27d0ee6e944dfff56c666c28,62.0,0.12,0.05,0.0
whisper_v3_prompt,5f1f6073b134ab9216ed376206eaf8f2,1.0,0.182,0.021,0.0
whisper_v3_prompt,5f6b9fd0b9634b69f014dcebd9fdcd0f,5.0,0.32,0.071,0.0
whisper_v3_prompt,5fc00858b53bd62ed9b2cae5702a02e8,17.0,0.372,0.207,0.0
whisper_v3_prompt,65d54e69d6149629f39fac463ac2855a,1.0,0.263,0.195,0.0
whisper_v3_prompt,682c9d06e8131c1a7015b9d1723b1e8a,14.0,0.049,0.034,0.0
whisper_v3_prompt,7110ef7452b905bee8c66faee0ef8424,31.0,0.113,0.069,0.0
whisper_v3_prompt,777af300524d0ab532ce410a93837e01,97.0,0.16,0.103,0.0
whisper_v3_prompt,7ed2674e6aa8dce3e02f13f6e1368b76,8.0,0.212,0.144,0.0
whisper_v3_prompt,7fecdcd2ebea4ebb1e857f3aa0055ed4,66.0,0.221,0.147,0.0
whisper_v3_prompt,8834b9c6201b1afedbac3d297b91d211,394.0,0.153,0.092,0.0
whisper_v3_prompt,8850acbcf4be50fe8da523569ccfbb4c,1.0,0.444,0.182,0.0
whisper_v3_prompt,8a596cc673c3e945a8c99b4efe183d86,2.0,0.0,0.0,0.0
whisper_v3_prompt,8c5906506cef065416d459a4525775b1,58.0,0.188,0.085,0.0
whisper_v3_prompt,8ee05339708d46f0936dc47857912628,5.0,0.266,0.179,0.0
whisper_v3_prompt,906949c423adba10d134e37d67461ed4,25.0,0.186,0.114,0.0
whisper_v3_prompt,90a86c97b4637476653bb4c697afd0e4,24.0,0.255,0.135,0.0
whisper_v3_prompt,934a9e140d84185569bb5b31c1abf054,6.0,0.091,0.04,0.0
whisper_v3_prompt,9478b8ef402c2b1cd84ffadd959d59ab,73.0,0.176,0.083,0.0
whisper_v3_prompt,97493eaefcfe783546a99bf223504754,6.0,0.114,0.078,0.0
whisper_v3_prompt,9878ad307ef4f56e6ba915727dce1a90,77.0,0.244,0.118,0.0
whisper_v3_prompt,9b2e605a711621b54eefffe2e6d5af78,47.0,0.222,0.068,0.0
whisper_v3_prompt,9bedf9fe84cdb2abf1cb734bc7fff624,3.0,0.118,0.1,0.0
whisper_v3_prompt,9d7191b4f0843bb69b42c013d83cebbc,10.0,0.141,0.059,0.0
whisper_v3_prompt,9fbb4b81938a3b0fb5e4d097116ff501,28.0,0.14,0.078,0.0
whisper_v3_prompt,a2a222977e6b6eb1e8eb7e518607c75f,16.0,0.152,0.057,0.0
whisper_v3_prompt,a9dac562e98c05d5e86f29029995e675,134.0,0.202,0.137,0.0
whisper_v3_prompt,b0311b661e0343abd02e2a3f7dc49e84,3.0,0.204,0.11,0.0
whisper_v3_prompt,b0bdf4b1219a2427c1b185153d860482,2.0,0.149,0.076,0.0
whisper_v3_prompt,b44e4c2e70ad2b6b643e00ec7e3b91a0,7.0,0.133,0.07,0.0
whisper_v3_prompt,b47e5a51c6507bcafd99bee360ac2960,1.0,0.03,0.05,0.0
whisper_v3_prompt,be5991159360b437c7f623b3fcdfb179,13.0,0.218,0.094,0.0
whisper_v3_prompt,bfb901a0bb03dffbaed60cd6a6db4e98,5.0,0.336,0.087,0.0
whisper_v3_prompt,c0366d913f23385a34dc1a9d29440eb5,24.0,0.166,0.094,0.0
whisper_v3_prompt,c3cf5425606300c5efd39bcfdf392b2f,34.0,0.306,0.142,0.0
whisper_v3_prompt,c43dc1e97250bd3751ca1e1bf3723fd9,43.0,0.211,0.104,0.0
whisper_v3_prompt,c57559399661619c40f07246ff3f2b9a,23.0,0.17,0.084,0.0
whisper_v3_prompt,c61ebd53e0df5e2f05b85e4a1a5901f4,1.0,0.13,0.083,0.0
whisper_v3_prompt,c853580e8cf22f2ecb8e11ceeb61393c,7.0,0.443,0.248,0.0
whisper_v3_prompt,cb7088e7f1f97f2f4d9c9ff2f26d1a91,1.0,0.417,0.157,0.0
whisper_v3_prompt,cd04522d11afdaddd8bfac4979c6d8f7,47.0,0.181,0.12,0.0
whisper_v3_prompt,ce0e68c0bdec05d8f648810f984d7659,12.0,0.192,0.114,0.0
whisper_v3_prompt,cf00fe07549a694c704ad52da496c1cb,10.0,0.224,0.073,0.0
whisper_v3_prompt,cf67e66cd57243c41d01bd5bb4949453,74.0,0.375,0.244,0.0
whisper_v3_prompt,d855180a3395fb98524ef02a34a9bf55,2.0,0.161,0.066,0.0
whisper_v3_prompt,d997b018e2a3ba4aca3cdd4c304ca5c8,1.0,0.105,0.028,0.0
whisper_v3_prompt,dbdb2219587188aa1820660bf0c59d41,67.0,0.194,0.112,0.0
whisper_v3_prompt,dc4bd8af4a9bd2a20cfb3c0a62a03f2a,25.0,0.201,0.155,0.0
whisper_v3_prompt,e012b07574a93dcc7ccaff2b3f0158c2,12.0,0.128,0.067,0.0
whisper_v3_prompt,e0ef461d591a957edf96eeea86e86328,57.0,0.146,0.081,0.0
whisper_v3_prompt,e223b4b45480638b81a48bcca55b3517,17.0,0.112,0.043,0.0
whisper_v3_prompt,e815fc635502db553afa09d8803be039,8.0,0.122,0.077,0.0
whisper_v3_prompt,e841f60f42f4ff4da6e024dab5678aa0,15.0,0.147,0.106,0.0
whisper_v3_prompt,e87486db0c365bded42184d56b46a2a7,2.0,0.133,0.094,0.0
whisper_v3_prompt,e8c2b2c95dbbdf084eb305e075db326e,66.0,0.232,0.126,0.0
whisper_v3_prompt,ec015dc9e80a92c2ac6f76a6f9786adf,8.0,0.207,0.099,0.0
whisper_v3_prompt,f00c9f9076e123ca7b2868dc55971196,5.0,0.172,0.099,0.0
whisper_v3_prompt,f1e04e3451af161a870d52c2c7d015fc,18.0,0.233,0.161,0.0
whisper_v3_prompt,fc5723044cb9a2e0705d0d326cc0a2c5,4.0,0.188,0.147,0.0
whisper_v3_prompt,fd8a149bf9f59c9f6f842b63a35ea230,1.0,0.136,0.045,0.0
whisper_v3_prompt,fe1491203f6d6db863f57c13d1175710,5.0,0.159,0.032,0.0
