set,domain,tag,n,WER,WER_lenient,CER,empty
eng_real_afrispeech_sswaccent,clinical,seamless_eng,86.0,0.4015,0.3853,0.2371,0.0
eng_real_afrispeech_sswaccent,clinical,simba_s,86.0,0.4637,0.4469,0.2742,0.0814
eng_real_afrispeech_sswaccent,clinical,simba_w,86.0,0.3524,0.3179,0.1626,0.0
eng_real_afrispeech_sswaccent,clinical,simba_w_en,86.0,0.2799,0.2454,0.1154,0.0
eng_real_afrispeech_sswaccent,clinical,whisper_v3,86.0,0.2542,0.2059,0.0924,0.0
eng_real_afrispeech_sswaccent,clinical,whisper_v3_prompt,86.0,0.2168,0.1956,0.0838,0.0
eng_real_afrispeech_sswaccent,general,seamless_eng,10.0,0.2546,0.1919,0.1663,0.0
eng_real_afrispeech_sswaccent,general,simba_s,10.0,0.3137,0.2509,0.2188,0.1
eng_real_afrispeech_sswaccent,general,simba_w,10.0,0.2731,0.1919,0.1983,0.0
eng_real_afrispeech_sswaccent,general,simba_w_en,10.0,0.2694,0.1845,0.1996,0.0
eng_real_afrispeech_sswaccent,general,whisper_v3,10.0,0.2103,0.1402,0.1408,0.0
eng_real_afrispeech_sswaccent,general,whisper_v3_prompt,10.0,0.1697,0.1476,0.1107,0.0
eng_real_afrispeech_zuluaccent,clinical,seamless_eng,1384.0,0.4251,0.393,0.2592,0.0
eng_real_afrispeech_zuluaccent,clinical,simba_s,1384.0,0.5385,0.5092,0.3799,0.1192
eng_real_afrispeech_zuluaccent,clinical,simba_w,1384.0,0.5965,0.5418,0.3851,0.0029
eng_real_afrispeech_zuluaccent,clinical,simba_w_en,142.0,0.2579,0.1865,0.1446,0.0
eng_real_afrispeech_zuluaccent,clinical,whisper_v3,1384.0,0.2614,0.1734,0.1409,0.0007
eng_real_afrispeech_zuluaccent,clinical,whisper_v3_prompt,1384.0,0.2121,0.1742,0.1039,0.0
eng_real_afrispeech_zuluaccent,general,seamless_eng,1451.0,0.3984,0.3736,0.2875,0.0
eng_real_afrispeech_zuluaccent,general,simba_s,1451.0,0.5163,0.4944,0.4291,0.162
eng_real_afrispeech_zuluaccent,general,simba_w,1451.0,0.5629,0.5163,0.4029,0.0055
eng_real_afrispeech_zuluaccent,general,simba_w_en,158.0,0.2645,0.2046,0.1818,0.0
eng_real_afrispeech_zuluaccent,general,whisper_v3,1451.0,0.2023,0.128,0.1362,0.0
eng_real_afrispeech_zuluaccent,general,whisper_v3_prompt,1451.0,0.1726,0.1279,0.1098,0.0
