set,A,B,n,metric,diff,lo,hi
eng_real_afrispeech_sswaccent,whisper_v3,seamless_eng,96,WER,-0.1302,-0.1896,-0.0749
eng_real_afrispeech_sswaccent,whisper_v3,seamless_eng,96,CER,-0.1275,-0.1775,-0.0814
eng_real_afrispeech_sswaccent,whisper_v3,simba_s,96,WER,-0.1919,-0.2634,-0.1258
eng_real_afrispeech_sswaccent,whisper_v3,simba_s,96,CER,-0.1669,-0.231,-0.1106
eng_real_afrispeech_sswaccent,whisper_v3_prompt,whisper_v3,96,WER,-0.0379,-0.0545,-0.0216
eng_real_afrispeech_sswaccent,whisper_v3_prompt,whisper_v3,96,CER,-0.0116,-0.0295,0.0088
eng_real_afrispeech_sswaccent,seamless_eng,simba_s,96,WER,-0.0617,-0.1405,0.0162
eng_real_afrispeech_sswaccent,seamless_eng,simba_s,96,CER,-0.0394,-0.1127,0.0328
eng_real_afrispeech_sswaccent,whisper_v3_prompt,seamless_eng,96,WER,-0.1681,-0.2229,-0.1136
eng_real_afrispeech_sswaccent,whisper_v3_prompt,seamless_eng,96,CER,-0.1391,-0.1855,-0.0962
eng_real_afrispeech_sswaccent,simba_w_en,simba_w,96,WER,-0.0611,-0.1195,-0.0114
eng_real_afrispeech_sswaccent,simba_w_en,simba_w,96,CER,-0.0402,-0.0883,-0.0006
eng_real_afrispeech_sswaccent,whisper_v3,simba_w,96,WER,-0.0923,-0.1468,-0.0469
eng_real_afrispeech_sswaccent,whisper_v3,simba_w,96,CER,-0.0684,-0.1105,-0.0323
eng_real_afrispeech_zuluaccent,whisper_v3,seamless_eng,2835,WER,-0.1816,-0.1962,-0.1678
eng_real_afrispeech_zuluaccent,whisper_v3,seamless_eng,2835,CER,-0.1355,-0.1466,-0.1251
eng_real_afrispeech_zuluaccent,whisper_v3,simba_s,2835,WER,-0.2975,-0.3126,-0.2824
eng_real_afrispeech_zuluaccent,whisper_v3,simba_s,2835,CER,-0.2671,-0.2817,-0.2528
eng_real_afrispeech_zuluaccent,whisper_v3_prompt,whisper_v3,2835,WER,-0.0385,-0.0432,-0.0341
eng_real_afrispeech_zuluaccent,whisper_v3_prompt,whisper_v3,2835,CER,-0.0314,-0.0356,-0.0276
eng_real_afrispeech_zuluaccent,seamless_eng,simba_s,2835,WER,-0.1159,-0.1357,-0.0955
eng_real_afrispeech_zuluaccent,seamless_eng,simba_s,2835,CER,-0.1316,-0.1488,-0.1141
eng_real_afrispeech_zuluaccent,whisper_v3_prompt,seamless_eng,2835,WER,-0.2201,-0.2353,-0.2057
eng_real_afrispeech_zuluaccent,whisper_v3_prompt,seamless_eng,2835,CER,-0.167,-0.1772,-0.1565
eng_real_afrispeech_zuluaccent,simba_w_en,simba_w,300,WER,-0.3071,-0.3804,-0.2351
eng_real_afrispeech_zuluaccent,simba_w_en,simba_w,300,CER,-0.2275,-0.2843,-0.1757
eng_real_afrispeech_zuluaccent,whisper_v3,simba_w,2835,WER,-0.3491,-0.3736,-0.325
eng_real_afrispeech_zuluaccent,whisper_v3,simba_w,2835,CER,-0.2559,-0.2758,-0.2372
ssw_real_nchlt,simba_s,seamless_zul,500,WER,-0.6883,-0.7338,-0.6453
ssw_real_nchlt,simba_s,seamless_zul,500,CER,-0.205,-0.2272,-0.1862
ssw_tts_control,simba_s,seamless_zul,40,WER,-0.0917,-0.3282,0.1333
ssw_tts_control,simba_s,seamless_zul,40,CER,-0.1022,-0.1573,-0.0449
eng_tts_control,simba_s,seamless_eng,40,WER,0.0019,-0.0709,0.0757
eng_tts_control,simba_s,seamless_eng,40,CER,0.0613,0.0083,0.1238
cs_tts,simba_s,seamless_zul,40,WER,0.0861,-0.0157,0.2024
cs_tts,simba_s,seamless_zul,40,CER,-0.0301,-0.0829,0.0241
