set,condition,n,WER,WER_lo,WER_hi,CER,exact_match,empty_output,WER_spk_lo,WER_spk_hi,n_speakers,WER_lenient,WER_nodigit_lenient,n_nodigit
cs_tts,mms_zul,40,0.8852,0.8327,0.9333,0.3542,0.0,0.0,,,,,,
cs_tts,seamless_eng,40,1.4139,1.3004,1.5365,0.8075,0.0,0.0,,,,,,
cs_tts,seamless_zul,40,0.8566,0.746,0.9609,0.4232,0.05,0.0,,,,,,
cs_tts,simba_m,40,0.9139,0.8672,0.9627,0.3492,0.0,0.0,,,,,,
cs_tts,simba_s,40,0.9426,0.8643,1.0243,0.3931,0.0,0.0,,,,,,
cs_tts,simba_w,40,1.2008,1.0553,1.356,0.4734,0.0,0.0,,,,,,
cs_tts,whisper_v3_auto,40,1.1352,1.0329,1.253,0.4997,0.0,0.0,,,,,,
cs_tts,whisper_v3_sw,40,1.0082,0.9672,1.05,0.4339,0.0,0.0,,,,,,
eng_real_afrispeech_sswaccent,seamless_eng,96,0.3771,0.3162,0.4437,0.2268,0.0312,0.0,0.2429,0.4705,5.0,0.3533,0.3065,75.0
eng_real_afrispeech_sswaccent,simba_s,96,0.4389,0.3741,0.5088,0.2662,0.0208,0.0833,0.3102,0.7273,5.0,0.4144,0.4035,75.0
eng_real_afrispeech_sswaccent,simba_w,96,0.3392,0.287,0.3958,0.1678,0.0312,0.0,0.2801,0.3745,5.0,0.2971,0.251,75.0
eng_real_afrispeech_sswaccent,simba_w_en,96,0.2781,0.2326,0.3292,0.1276,0.0938,0.0,0.2411,0.2838,5.0,0.2353,0.1889,75.0
eng_real_afrispeech_sswaccent,whisper_v3,96,0.2469,0.2142,0.2826,0.0994,0.0833,0.0,0.2286,0.2503,5.0,0.195,0.1781,75.0
eng_real_afrispeech_sswaccent,whisper_v3_prompt,96,0.209,0.178,0.2419,0.0877,0.0938,0.0,0.1875,0.2224,5.0,0.1877,0.1756,75.0
eng_real_afrispeech_zuluaccent,seamless_eng,2835,0.4104,0.3958,0.4257,0.274,0.0624,0.0,0.3717,0.4611,100.0,0.3823,0.3406,2205.0
eng_real_afrispeech_zuluaccent,simba_s,2835,0.5263,0.5121,0.542,0.4056,0.0328,0.1411,0.4871,0.5669,100.0,0.5011,0.4932,2205.0
eng_real_afrispeech_zuluaccent,simba_w,2835,0.5779,0.5527,0.6034,0.3944,0.0328,0.0042,0.5154,0.6462,100.0,0.5278,0.4968,2205.0
eng_real_afrispeech_zuluaccent,simba_w_en,300,0.2615,0.2402,0.283,0.1636,0.0467,0.0,0.2368,0.2844,67.0,0.1963,0.1755,239.0
eng_real_afrispeech_zuluaccent,whisper_v3,2835,0.2288,0.2223,0.2357,0.1384,0.0635,0.0004,0.2143,0.2457,100.0,0.1484,0.1399,2205.0
eng_real_afrispeech_zuluaccent,whisper_v3_prompt,2835,0.1903,0.1836,0.1969,0.107,0.158,0.0,0.1734,0.2115,100.0,0.1487,0.1399,2205.0
eng_tts_control,seamless_eng,40,0.8301,0.7026,0.9563,0.4538,0.0,0.0,,,,,,
eng_tts_control,simba_s,40,0.832,0.7361,0.9343,0.5151,0.0,0.0,,,,,,
eng_tts_control,simba_w,40,1.0058,0.8857,1.1271,0.5093,0.0,0.0,,,,,,
ssw_real_nchlt,mms_zul,500,0.5156,0.4873,0.5465,0.0815,0.174,0.0,,,,,,
ssw_real_nchlt,seamless_zul,500,0.8795,0.8376,0.9245,0.2345,0.046,0.0,,,,,,
ssw_real_nchlt,simba_m,500,0.2887,0.2611,0.3176,0.0389,0.434,0.0,,,,,,
ssw_real_nchlt,simba_s,500,0.1912,0.1693,0.214,0.0295,0.572,0.0,,,,,,
ssw_real_nchlt,simba_w,500,0.3289,0.3006,0.3585,0.0496,0.38,0.0,,,,,,
ssw_real_nchlt,whisper_v3_auto,500,1.6125,1.544,1.6943,0.3857,0.008,0.002,,,,,,
ssw_real_nchlt,whisper_v3_sw,500,1.311,1.2712,1.3518,0.2967,0.008,0.0,,,,,,
ssw_tts_control,mms_zul,40,0.9167,0.8442,0.992,0.224,0.0,0.0,,,,,,
ssw_tts_control,seamless_zul,40,1.2417,1.0917,1.4286,0.3778,0.05,0.0,,,,,,
ssw_tts_control,simba_m,40,0.8333,0.7479,0.912,0.2196,0.025,0.0,,,,,,
ssw_tts_control,simba_s,40,1.15,0.9421,1.3644,0.2756,0.05,0.0,,,,,,
ssw_tts_control,simba_w,40,1.6417,1.3739,1.9262,0.4498,0.025,0.0,,,,,,
ssw_tts_control,whisper_v3_auto,40,1.5333,1.3672,1.7213,0.4516,0.025,0.0,,,,,,
ssw_tts_control,whisper_v3_sw,40,1.3417,1.2222,1.4706,0.3787,0.025,0.0,,,,,,
