id	text
cs01	kusasa ngitawuya ku clinic ekuseni
cs02	dokotela utsite ngitsatse le medication kabili ngelilanga
cs03	ngikhohliwe kutsatsa ema pills ami izolo
cs04	i appointment yami lelandzelako ingu next week ngelesibili
cs05	unesi ucele kutsi ngente i blood test
cs06	i viral load yami iphansi kakhulu nyalo
cs07	ngicela ungiphe i prescription lensha
cs08	umntfwana wami une fever kusukela izolo ebusuku
cs09	ngiva buhlungu enhloko ngine headache lilanga lonkhe
cs10	kufanele ugcine i appointment card yakho
cs11	i blood pressure yakho iphezulu lamuhla
cs12	sicela ulete i identity card yakho nawuta ku clinic
cs13	ngitsenge ema tablets ku pharmacy
cs14	ema results ami alungile yini
cs15	ngisebenta ku hospital ngingu nurse
cs16	le mali ye transport iyabiza kakhulu
cs17	ngicela u checker i sugar level yami
cs18	make wami une diabetes ne high blood
cs19	sitaku phone nangabe ema results sewafikile
cs20	ngitsatsa i treatment yami ngesikhatsi sonkhe
cs21	i queue beyinde kakhulu lamuhla ekuseni
cs22	ngi busy kakhulu kulelisontfo
cs23	utsite i scan itawentiwa ngelesihlanu
cs24	ngicela u explainer kahle ngobe angiva
cs25	umntfwana udzinga i vaccine yakhe yesibili
cs26	ngine side effects ngemaphilisi lamasha
cs27	i doctor utsite ngiphumule emalanga lamatsatfu
cs28	ngiyacela u refiller le prescription yami
cs29	i phone yami ifile ngako angiyitfolanga i message
cs30	sitawuhlangana emva kwe lunch
cs31	ngifuna ku booker i appointment ye next month
cs32	i taxi ibe late ngako ngifike late
cs33	ngiyacela ungibhalele i sick note
cs34	ema condoms atfolakala mahhala lapha ku clinic
cs35	i test yami ye tuberculosis ibe negative
cs36	kufanele udle kahle ngaphambi kwekutsatsa i medicine
cs37	umntfwana ugcwalise i form kahle
cs38	ngibe ne cough emaviki lamabili
cs39	i nurse itsite ngibuye emva kwemaviki lamane
cs40	sitakutsintsa nge message
